learner_id,signup_date,age,city_tier,education,hours_per_week_pledged,weekly_logins_avg,assignments_submitted,forum_posts,video_watch_pct,has_mentor,device,referral_source,payment_plan,days_since_last_login,certificate_issued,final_score,notes,completed_course
L-01146,2026-01-22,24,Tier 3,OTHER,8.3,4.2,3,6,89.0,Y,MOBILE,instagram,scholarship,1,Y,78.6,n/a,1
L-00695,2026-06-02,15,Tier 1,Bachelors,1.0,2.54,0,4,31.2,no,desktop,instagram,paid,33,no,,,0
L-00530,20-05-2026,24,tier-2,Diploma,10.3,0.5,0,3,10.7,,laptop,instagram,scholarship,23,No,,follow up next intake,0
L-02228,2026-01-19,23,1,B.Tech,1.6,3.01,0,0,40.2,no,mobile,school_partner,free,33,FALSE,,duplicate?  check,0
L-00914,16/02/2026,21,2,High School,9.8,4.36,3,1,36.7,no,Desktop,instagram,paid,19,TRUE,67.1,follow up next intake,1
L-00860,2026-06-03,22,1,Bachelors,8.4,1.52,2,1,53.1,1,mobile,youtube,free,17,0,,called on phone,0
L-02674,2026-04-09,22,2,Masters,3.4,4.7,0,4,31.9,0,laptop,instagram,free,20,No,,n/a,0
L-02644,11-04-2026,,tier-3,Diploma,6.5,2.27,0,5,,No,Tablet,instagram,free,25,no,,-,0
L-02550,2026-04-14,25,2,DIPLOMA,1.8,4.17,8,4,60.9,FALSE,mobile,school_partner,free,24,TRUE,77.2,-,1
L-01648,09/01/2026,22,tier-2,high school,8.8,3.3,6,1,39.2,TRUE,laptop,instagram,paid,25,yes,75.2,called on phone,1
L-00847,22-01-2026,26,3,HS,4.5,2.66,4,5,48.9,Yes,phone,school_partner,scholarship,32,N,,requested extension,0
L-00538,2026-02-11,19,2,High School,2.0,3.42,4,1,44.2,No,laptop,friend,paid,16,N,,n/a,0
L-01515,2026-03-13,30,1,Masters,3.7,1.33,3,2,29.1,0,mobile,school_partner,free,27,N,,,0
L-00021,2026-04-16,21,1,Bachelors,4.9,1.77,3,4,33.0,Yes,mobile,instagram,free,41,FALSE,,asked about certificate,0
L-00945,14/04/2026,22,2,High School,9.0,4.4,9,8,71.4,yes,laptop,youtube,paid,21,TRUE,86.0,,1
L-02774,2026-01-03,,3,high school,7.2,,0,4,101.0,N,laptop,friend,paid,3,0,28.1,asked about certificate,0
L-02782,2026-02-04,21,3,Bachelors,12.2,4.04,1,2,56.4,TRUE,laptop,instagram,paid,14,FALSE,,requested extension,0
L-01677,2026-04-19,15,1,Diploma,7.3,4.4,2,1,25.1,FALSE,mobile,instagram,scholarship,24,N,39.3,called on phone,0
L-00871,2026-04-12,15,3,B.Tech,4.4,0.0,5,5,22.3,Yes,laptop,school_partner,free,36,0,,,0
L-00460,2026-01-06,25,Tier 3,Bachelors,5.3,1.64,4,4,26.6,0,laptop,school_partner,scholarship,33,0,48.4,,0
L-02584,2026-04-20,23,3,Masters,4.1,2.92,4,0,31.8,yes,desktop,school_partner,free,26,1,78.3,requested extension,1
L-02445,2026-04-19,17,1,High School,12.0,3.36,3,3,88.5,no,Laptop,youtube,free,8,No,,duplicate?  check,0
L-00811,2026-01-21,28,1,High School,10.0,4.36,4,3,100.0,0,Mobile,school_partner,paid,20,FALSE,39.5,requested extension,0
L-00863,2026-04-02,22,2,Bachelors,9.7,4.32,2,6,37.8,TRUE,mobile,friend,scholarship,2,FALSE,,called on phone,0
L-02234,2026-03-25,22,3,High School,4.6,1.56,4,4,23.5,FALSE,Desktop,instagram,scholarship,11,0,,,0
L-02290,2026-04-19,19,1,Masters,,2.81,5,5,57.7,FALSE,desktop,school_partner,scholarship,8,TRUE,84.3,duplicate?  check,1
L-02649,2026-05-09,21,1,High School,8.2,3.94,10,4,57.7,FALSE,laptop,friend,free,16,0,,asked about certificate,0
L-01949,2026-05-15,18,2,Bachelors,10.2,,3,4,26.5,No,laptop,school_partner,scholarship,30,FALSE,,,0
L-00648,2026-04-01,26,1,Diploma,4.4,2.24,4,0,31.2,No,mobile,friend,free,5,no,,,0
L-01912,2026-02-01,21,3,High School,4.3,1.68,0,6,23.5,Y,mobile,other,free,25,FALSE,,asked about certificate,0
L-02703,2026-02-12,300,1,Other,6.7,4.42,2,5,19.6,TRUE,mobile,instagram,paid,27,N,51.5,asked about certificate,0
L-02004,2026-01-03,,1,Bachelors,5.8,2.82,0,6,59.3,no,desktop,school_partner,scholarship,19,N,,requested extension,0
L-00584,2026-04-24,23,2,Bachelors,3.1,6.44,5,4,,N,Mobile,ngo_outreach,scholarship,18,1,68.3,,1
L-01587,2026-05-17,19,2,Bachelors,4.5,1.34,0,0,51.8,FALSE,desktop,youtube,scholarship,36,No,,,0
L-01809,2026-06-20,17,T3,High School,5.4,5.4,7,4,75.9,0,laptop,friend,paid,23,Y,84.3,asked about certificate,1
L-00387,16-02-2026,21,2,High-School,6.2,3.5,1,4,14.7,no,laptop,ngo_outreach,free,36,FALSE,,requested extension,0
L-02171,09/03/2026,21,2,Bachelors,5.5,3.59,10,1,48.2,0,laptop,other,scholarship,19,No,,,0
L-01194,2026-04-19,23,1,B.Tech,6.1,2.69,1,1,102.6,N,mobile,other,free,12,N,,requested extension,0
L-02376,20-06-2026,20,1,Diploma,6.1,0.62,0,2,26.9,TRUE,mobile,school_partner,free,30,FALSE,,follow up next intake,0
L-00590,19-06-2026,15,tier-2,High School,3.8,4.41,2,6,55.0,0,laptop,instagram,scholarship,22,Yes,75.6,n/a,1
L-02046,2026-05-22,23,2,Other,2.2,3.61,1,3,37.4,N,mobile,youtube,free,25,FALSE,,,0
L-00064,2026-01-19,22,T2,Bachelors,8.4,1.69,8,0,17.7,Yes,ipad,instagram,free,5,Y,99.7,duplicate?  check,1
L-00779,26-05-2026,26,1,Bachelors,8.6,1.99,0,3,42.7,0,desktop,school_partner,scholarship,18,0,,follow up next intake,0
L-02622,18-02-2026,20,1,Diploma,10.9,,6,2,33.5,1,mobile,youtube,free,10,1,82.4,called on phone,1
L-00117,2026-04-20,15,1,Bachelors,12.0,6.18,7,5,67.4,N,PC,instagram,free,9,Yes,62.5,called on phone,1
L-00066,2026-05-17,20,2,Bachelors,7.8,5.15,6,4,,1,tablet,instagram,scholarship,13,TRUE,81.3,,1
L-00971,16-06-2026,17,2,High School,10.9,3.61,4,2,22.3,No,mobile,instagram,free,21,Y,,,0
L-02502,2026-04-02,22,2,High School,1.0,5.29,5,3,25.0,No,phone,school_partner,scholarship,16,0,,follow up next intake,0
L-01420,2026-01-26,23,1,Diploma,318.3,1.12,1,1,40.3,0,mobile,other,free,44,No,,,0
L-01514,07-02-2026,,1,High School,15.0,3.76,5,5,,FALSE,desktop,youtube,free,1,No,48.1,requested extension,0
L-02030,2026-06-28,23,T2,Bachelors,10.3,4.86,6,1,72.4,FALSE,mobile,instagram,paid,4,yes,72.6,asked about certificate,1
L-00319,04/05/2026,25,1,,3.4,0.0,5,2,23.9,no,desktop,school_partner,paid,23,1,66.2,requested extension,1
L-00228,2026-01-19,24,3,Bachelors,10.6,2.62,6,6,63.9,N,tablet,instagram,free,5,yes,84.2,,1
L-00458,13-02-2026,15,2,High School,4.1,4.97,5,5,34.6,1,laptop,instagram,paid,9,yes,62.6,n/a,1
L-02354,2026-03-18,18,2,High School,8.5,3.25,7,4,92.0,0,Laptop,friend,free,4,TRUE,74.3,,1
L-00511,2026-03-25,,1,Diploma,7.9,,6,7,59.1,N,mobile,ngo_outreach,scholarship,6,FALSE,,n/a,0
L-01196,2026-05-02,,3,highschool,8.6,5.39,2,4,59.6,FALSE,mobile,school_partner,paid,4,yes,80.6,,1
L-01523,15-02-2026,22,3,High School,8.1,2.6,10,3,66.0,Yes,desktop,instagram,free,11,1,67.0,called on phone,1
L-00788,2026-02-12,18,1,Bachelors,,2.03,1,2,38.5,Yes,mobile,school_partner,free,41,N,34.6,follow up next intake,0
L-00406,2026-01-03,20,2,high school,8.4,3.65,4,1,68.5,yes,Tablet,ngo_outreach,free,2,N,,,0
L-02243,2026-04-12,28,2,Diploma,4.4,2.87,6,7,23.8,Yes,tablet,friend,scholarship,40,TRUE,73.0,n/a,1
L-01812,2026-06-06,23,2,Bachelors,7.2,4.21,6,2,60.1,1,mobile,friend,scholarship,25,TRUE,74.2,follow up next intake,1
L-02281,13-03-2026,20,2,Bachelors,12.4,3.63,3,8,18.9,no,notebook,instagram,free,24,0,,called on phone,0
L-02675,2026-02-01,20,1,Diploma,3.4,0.74,0,1,0.0,No,laptop,ngo_outreach,scholarship,31,no,,requested extension,0
L-01789,2026-02-01,19,1,Diploma,9.6,1.14,0,1,0.0,Yes,laptop,school_partner,free,26,0,,asked about certificate,0
L-01470,2026-04-07,19,2,DIPLOMA,9.0,5.5,5,1,56.6,No,desktop,instagram,scholarship,8,0,,,0
L-02766,2026-05-12,23,2,Diploma,5.0,3.21,6,5,81.7,0,mobile,youtube,free,37,N,,requested extension,0
L-01438,2026-03-05,16,1,B.Tech,2.3,2.48,6,4,24.4,No,mobile,youtube,free,21,1,67.6,,1
L-00450,2026-06-02,18,2,Bachelors,7.6,2.82,3,2,55.6,Y,mobile,instagram,paid,20,N,,,0
L-00339,06/04/2026,20,2,Bachelors,10.7,3.8,5,6,31.5,,mobile,friend,scholarship,17,no,,,0
L-01366,2026-04-06,19,2,bachelors,3.5,0.11,2,7,21.3,Yes,MOBILE,instagram,scholarship,11,no,,duplicate?  check,0
L-02493,06/02/2026,18,,Other,7.1,3.32,5,2,64.4,yes,mobile,friend,paid,9,Y,74.1,-,1
L-00122,2026-02-03,25,2,other,8.7,2.57,1,2,20.7,,desktop,friend,scholarship,59,no,,-,0
L-00401,2026-01-06,15,T2,Bachelors,7.1,4.29,6,2,81.8,No,laptop,instagram,scholarship,13,Yes,91.2,-,1
L-01345,2026-04-04,24,2,Bachelors,,3.54,4,1,61.7,0,laptop,instagram,free,22,no,,requested extension,0
L-01764,2026-04-07,21,Tier 3,highschool,4.3,5.42,4,11,63.4,N,desktop,friend,scholarship,22,FALSE,,-,0
L-00156,2026-05-10,32,3,High School,9.3,1.96,2,2,33.7,yes,mobile,friend,scholarship,6,No,,follow up next intake,0
L-01923,2026-04-25,18,2,Diploma,8.0,3.51,10,4,73.3,1,Mobile,other,scholarship,5,1,67.6,requested extension,1
L-00866,25/06/2026,23,2,Diploma,6.2,4.66,6,9,100.0,,mobile,other,free,8,1,72.9,called on phone,1
L-01038,2026-03-09,18,1,DIPLOMA,13.7,3.33,2,6,72.4,No,desktop,school_partner,scholarship,24,no,62.0,follow up next intake,0
L-01483,02/04/2026,26,2,Diploma,5.1,4.03,6,6,44.8,N,laptop,school_partner,paid,3,Y,83.4,,1
L-00086,08-04-2026,16,2,Diploma,11.7,,7,3,47.9,no,laptop,instagram,free,21,no,,n/a,0
L-00273,2026-01-21,20,Tier 3,High School,6.9,3.93,5,8,44.1,yes,mobile,instagram,paid,4,Y,76.5,duplicate?  check,1
L-02084,2026-05-28,,3,Masters,4.1,3.36,2,1,41.1,no,mobile,school_partner,free,22,N,,-,0
L-02160,2026-06-04,20,2,High School,,4.79,5,9,84.5,0,desktop,school_partner,free,20,yes,56.3,n/a,1
L-02781,2026-05-15,22,3,Diploma,11.0,2.63,6,4,37.0,1,mobile,friend,free,10,0,,-,0
L-02588,2026-06-09,25,1,OTHER,2.0,0.41,1,1,4.4,No,tablet,friend,free,21,N,,n/a,0
L-01183,2026-03-17,15,2,Diploma,7.9,5.34,5,2,25.7,N,laptop,ngo_outreach,free,28,no,,,0
L-01989,11/06/2026,25,Tier 1,Bachelors,11.1,4.13,5,4,65.1,1,mobile,friend,paid,4,1,69.5,,1
L-00138,2026-05-27,,3,High School,1.6,,0,0,6.7,1,laptop,youtube,free,28,0,,-,0
L-00781,2026-03-24,25,2,Bachelors,7.1,4.59,5,1,54.1,0,laptop,youtube,scholarship,15,Y,75.3,n/a,1
L-00315,2026-06-18,20,2,High School,3.4,2.06,6,1,71.6,N,mobile,friend,free,32,0,,called on phone,0
L-00034,2026-01-25,17,1,Bachelors,8.2,4.04,3,10,89.8,No,notebook,friend,free,3,N,,,0
L-01589,2026-01-17,28,T2,Bachelors,2.9,3.87,7,2,59.7,N,desktop,instagram,scholarship,0,1,73.6,asked about certificate,1
L-01629,09-06-2026,20,3,Bachelors,1.2,0.0,3,0,68.4,no,desktop,friend,paid,23,N,,,0
L-01530,05/05/2026,15,tier-2,High School,9.1,2.5,1,2,50.0,FALSE,mobile,school_partner,paid,14,No,,requested extension,0
L-00190,03-01-2026,,2,Bachelors,7.1,0.2,2,2,0.0,1,mobile,instagram,scholarship,11,0,,,0
L-00855,19-05-2026,24,1,Diploma,1.0,0.36,1,3,51.0,no,mobile,ngo_outreach,scholarship,44,N,,requested extension,0
L-01389,2026-02-13,22,1,High School,3.0,0.18,4,3,17.0,no,mobile,school_partner,free,34,no,,n/a,0
L-01020,2026-04-08,15,3,Masters,10.5,4.01,2,5,64.4,FALSE,laptop,school_partner,paid,20,0,,duplicate?  check,0
L-02729,2026-04-11,22,3,masters,10.0,5.96,7,5,57.4,Yes,mobile,instagram,free,32,Yes,83.3,,1
L-01885,05/01/2026,,2,Bachelors,5.1,,4,5,,1,laptop,youtube,scholarship,12,1,76.6,asked about certificate,1
L-02794,2026-02-26,27,2,High School,10.9,3.61,5,0,1.4,N,mobile,school_partner,paid,4,FALSE,,,0
L-01422,2026-03-03,20,2,Diploma,9.4,0.72,2,1,16.5,1,desktop,school_partner,scholarship,15,yes,73.8,-,1
L-02312,2026-04-05,23,T3,Diploma,1.0,1.53,2,1,14.7,1,mobile,youtube,paid,13,no,,,0
L-02517,22-05-2026,19,3,,9.5,4.29,3,5,,FALSE,mobile,other,free,45,N,,,0
L-02041,2026-05-24,27,1,diploma,9.1,4.92,5,1,38.4,No,mobile,friend,scholarship,24,yes,92.4,asked about certificate,1
L-01358,07-05-2026,20,2,High School,11.4,5.49,6,4,112.9,FALSE,laptop,instagram,free,6,no,80.3,,1
L-02601,2026-02-25,24,1,Other,3.3,0.25,0,1,23.8,N,laptop,ngo_outreach,free,18,no,,duplicate?  check,0
L-01291,04/04/2026,22,2,High School,1.0,2.25,2,0,2.8,0,mobile,friend,scholarship,29,No,45.8,,0
L-01484,2026-01-02,24,3,High School,10.5,7.0,6,4,53.1,yes,PC,school_partner,paid,5,Y,76.4,duplicate?  check,1
L-01026,2026-05-19,21,Tier 2,Bachelors,,4.41,2,12,73.2,Yes,notebook,friend,paid,7,TRUE,91.5,n/a,1
L-01730,22-02-2026,24,T2,High School,3.4,2.98,6,2,0.0,No,mobile,friend,free,5,no,,,0
L-02286,2026-05-06,21,3,other,4.0,,1,0,7.8,Yes,laptop,ngo_outreach,free,42,FALSE,,follow up next intake,0
L-01543,07-03-2026,,2,High School,8.1,,4,4,43.0,N,laptop,school_partner,scholarship,32,N,,-,0
L-00803,16/03/2026,21,3,Diploma,1.3,0.68,0,5,1.6,1,mobile,instagram,free,23,FALSE,,requested extension,0
L-00993,22-03-2026,20,1,High School,7.0,4.64,6,2,,N,Desktop,instagram,free,5,Yes,59.8,,1
L-02383,2026-05-01,24,tier-2,Bachelors,4.4,1.99,4,1,45.3,no,laptop,instagram,scholarship,9,N,,n/a,0
L-02259,2026-03-21,,1,High School,4.1,2.25,0,5,0.0,Y,mobile,school_partner,free,31,0,,,0
L-00532,2026-06-14,,2,Bachelors,11.3,0.0,3,3,0.0,TRUE,mobile,school_partner,free,18,FALSE,,,0
L-02746,2026-06-23,19,tier-3,HS,4.3,5.07,6,1,59.3,0,mobile,school_partner,scholarship,22,Y,82.4,called on phone,1
L-02787,03/04/2026,25,Tier 1,Diploma,,3.98,6,1,43.2,No,laptop,instagram,free,6,1,84.4,called on phone,1
L-00028,2026-01-03,22,2,Bachelors,2.0,3.92,6,9,41.7,yes,desktop,other,scholarship,5,Y,95.5,follow up next intake,1
L-01029,2026-01-05,25,3,Bachelors,9.5,1.87,1,3,14.3,No,laptop,school_partner,paid,25,FALSE,,requested extension,0
L-02498,2026-01-17,21,3,High School,,2.64,0,6,29.5,no,laptop,youtube,scholarship,20,no,,duplicate?  check,0
L-01135,2026-03-02,22,1,High School,7.8,2.5,5,3,,1,laptop,ngo_outreach,free,21,0,,,0
L-01560,2026-02-05,21,2,High School,13.4,5.11,6,7,91.4,0,laptop,ngo_outreach,free,2,Y,92.8,duplicate?  check,1
L-00025,2026-04-15,15,3,Bachelors,8.3,2.94,0,2,104.2,N,notebook,instagram,free,16,0,,,0
L-01570,08-02-2026,23,1,Diploma,8.2,1.53,0,4,9.2,TRUE,tablet,friend,free,32,no,34.4,asked about certificate,0
L-01585,2026-03-11,17,1,High School,3.4,0.72,4,1,64.2,TRUE,mobile,ngo_outreach,free,16,N,,,0
L-02127,2026-04-16,24,1,Bachelors,8.7,2.3,1,3,12.5,0,mobile,instagram,free,7,FALSE,,called on phone,0
L-00157,2026-01-17,26,3,High School,7.3,1.98,4,1,66.8,1,Mobile,friend,free,18,Yes,86.1,,1
L-02530,08/01/2026,-3,1,Masters,8.1,4.31,5,0,86.6,No,Laptop,school_partner,paid,13,TRUE,71.3,follow up next intake,1
L-01290,2026-04-08,20,3,Diploma,4.6,,3,3,54.0,0,Desktop,school_partner,scholarship,45,FALSE,,duplicate?  check,0
L-00390,2026-01-18,,3,,,4.03,7,6,56.7,No,laptop,other,paid,10,Yes,89.0,-,1
L-01800,24/04/2026,15,2,Bachelors,17.6,2.31,8,10,,FALSE,laptop,instagram,scholarship,12,Yes,58.7,,1
L-00465,2026-04-15,,3,Diploma,8.1,3.46,7,5,68.8,TRUE,mobile,youtube,scholarship,19,1,78.5,,1
L-00014,2026-06-20,27,2,High School,11.0,3.02,2,4,60.7,Yes,Mobile,other,scholarship,21,FALSE,,asked about certificate,0
L-02050,23/01/2026,24,2,Diploma,5.6,2.01,6,0,46.3,Yes,mobile,instagram,free,32,Yes,68.0,follow up next intake,1
L-01707,2026-06-19,26,3,highschool,11.2,2.61,0,1,48.5,N,mobile,youtube,scholarship,38,FALSE,,follow up next intake,0
L-02037,2026-05-18,18,T2,Bachelors,9.8,,8,6,100.0,no,laptop,instagram,paid,8,TRUE,76.3,,1
L-02748,10-04-2026,23,1,other,8.5,3.37,6,3,58.3,N,mobile,school_partner,scholarship,16,TRUE,86.8,requested extension,1
L-02098,2026-04-05,32,2,Diploma,5.1,0.0,2,3,32.2,1,desktop,ngo_outreach,scholarship,20,N,,,0
L-02216,02/05/2026,20,tier-2,high school,10.1,2.34,7,7,66.1,TRUE,mobile,friend,free,28,yes,68.3,-,1
L-00681,2026-06-18,23,2,Bachelors,8.4,3.23,1,2,63.3,Y,mobile,youtube,scholarship,22,FALSE,,,0
L-00698,2026-05-03,22,tier-1,Masters,11.7,4.05,8,1,64.0,FALSE,mobile,friend,paid,6,TRUE,84.0,duplicate?  check,1
L-00939,21-06-2026,15,3,High School,13.8,1.26,4,2,37.1,TRUE,mobile,instagram,free,41,N,,,0
L-01207,26-01-2026,19,1,bachelor degree,1.0,2.06,3,0,33.0,no,mobile,other,paid,30,FALSE,,,0
L-01850,2026-03-21,17,1,HS,11.1,3.49,5,3,31.9,TRUE,Laptop,school_partner,free,37,FALSE,,,0
L-01357,01/01/2026,17,1,Masters,1.6,,3,6,70.5,TRUE,mobile,ngo_outreach,free,26,0,,duplicate?  check,0
L-00382,11/04/2026,24,1,High School,12.2,2.83,8,1,62.2,1,mobile,ngo_outreach,free,11,1,73.5,,1
L-01717,2026-04-07,23,2,Diploma,3.3,,5,2,56.4,N,Desktop,instagram,scholarship,14,N,,follow up next intake,0
L-00572,2026-04-28,19,,Bachelors,10.5,3.0,9,6,57.6,0,mobile,instagram,free,25,No,,called on phone,0
L-01062,2026-02-09,22,2,High School,11.3,5.66,5,6,65.4,0,mobile,instagram,free,5,N,,called on phone,0
L-01602,10-06-2026,20,3,High School,1.0,4.12,5,2,58.8,no,mobile,youtube,free,20,0,,requested extension,0
L-00162,20/01/2026,20,1,Bachelors,15.4,3.37,3,1,105.9,Yes,tablet,instagram,scholarship,22,0,,-,0
L-00141,2026-06-23,25,2,Bachelors,3.3,3.22,1,1,14.7,FALSE,MOBILE,instagram,paid,25,no,88.6,asked about certificate,1
L-00813,2026-03-09,22,1,High-School,6.5,4.05,4,2,79.1,no,phone,other,paid,18,yes,63.0,duplicate?  check,1
L-01660,2026-06-19,19,1,High School,9.7,3.39,4,4,65.6,Y,Mobile,youtube,paid,18,No,78.9,called on phone,1
L-01709,2026-02-07,24,1,Diploma,6.8,4.41,2,1,75.3,Y,mobile,school_partner,scholarship,14,No,,n/a,0
L-01048,2026-02-20,20,2,High School,10.3,3.79,4,10,56.6,1,laptop,school_partner,free,17,No,,follow up next intake,0
L-00350,2026-02-27,20,1,highschool,8.2,3.68,3,1,,TRUE,mobile,instagram,free,10,no,,duplicate?  check,0
L-01466,2026-02-18,22,3,Diploma,7.9,2.83,1,3,7.7,FALSE,desktop,school_partner,scholarship,22,0,,n/a,0
L-01093,2026-06-15,26,3,Masters,7.2,5.75,3,3,37.9,no,mobile,instagram,free,5,0,36.1,,0
L-00527,2026-03-21,23,1,Other,10.1,3.79,2,1,27.7,No,mobile,ngo_outreach,scholarship,9,FALSE,,-,0
L-01903,2026-01-26,25,1,Bachelors,11.1,3.0,5,4,55.2,Yes,mobile,friend,free,32,Yes,75.2,,1
L-01202,2026-03-05,23,3,High School,18.4,3.06,5,7,68.2,FALSE,laptop,friend,scholarship,10,Yes,98.0,,1
L-00229,23-03-2026,15,1,,9.9,5.29,7,3,37.6,N,laptop,instagram,free,2,yes,67.3,follow up next intake,1
L-00101,2026-01-03,,2,Other,10.4,4.18,7,4,58.5,No,notebook,school_partner,free,35,Yes,64.5,,1
L-00283,2026-04-20,18,3,Bachelor's,4.2,0.84,2,3,40.5,yes,mobile,school_partner,scholarship,24,1,70.8,called on phone,1
L-02200,2026-05-28,,2,High School,1.0,0.0,0,1,9.5,Y,phone,school_partner,free,32,No,,duplicate?  check,0
L-02666,25-03-2026,16,2,bachelors,,4.35,5,7,74.7,FALSE,laptop,friend,free,12,Y,64.9,-,1
L-00229,23-03-2026,15,1,,9.9,5.29,7,3,37.6,N,laptop,instagram,free,2,yes,67.3,follow up next intake,1
L-01198,2026-02-16,25,3,,10.3,5.59,3,3,68.5,yes,mobile,school_partner,free,4,N,,,0
L-00581,2026-06-04,23,2,High School,15.2,0.78,3,3,18.7,0,tablet,school_partner,free,37,FALSE,,n/a,0
L-01928,2026-02-05,19,2,Bachelors,1.0,2.85,0,2,,yes,desktop,instagram,paid,27,Yes,88.0,n/a,1
L-01319,2026-06-06,23,1,high school,2.3,2.25,2,2,67.6,0,mobile,youtube,free,3,No,,-,0
L-02185,2026-04-11,19,1,HS,7.3,1.3,5,2,30.0,No,desktop,other,scholarship,32,no,,follow up next intake,0
L-02033,28/02/2026,20,3,Diploma,319.0,1.49,1,7,45.1,0,laptop,instagram,scholarship,24,no,51.1,asked about certificate,0
L-00989,2026-02-07,18,1,Diploma,8.0,3.17,4,1,34.9,Yes,laptop,friend,scholarship,19,yes,58.7,,1
L-01412,2026-02-01,22,2,Other,3.4,2.42,5,1,65.0,1,mobile,school_partner,paid,1,1,80.0,requested extension,1
L-00821,2026-05-15,20,2,DIPLOMA,7.0,4.92,2,2,73.0,TRUE,mobile,youtube,scholarship,2,Yes,97.6,,1
L-00904,2026-02-14,18,Tier 2,bachelor degree,9.0,1.48,6,1,,N,mobile,friend,scholarship,1,Y,85.7,duplicate?  check,1
L-01489,08/01/2026,15,3,B.Tech,7.6,2.81,2,1,50.3,N,laptop,school_partner,scholarship,36,N,49.2,,0
L-01834,18-05-2026,,3,Bachelors,1.3,3.13,5,8,69.7,0,laptop,friend,scholarship,19,yes,78.9,n/a,1
L-00684,2026-02-08,21,2,Bachelors,1.0,2.61,3,1,46.5,0,mobile,ngo_outreach,free,26,FALSE,,,0
L-00523,07-03-2026,25,2,High School,2.2,2.52,3,2,35.6,No,laptop,instagram,paid,10,Y,75.0,requested extension,1
L-01307,2026-04-27,26,1,DIPLOMA,7.3,1.83,2,3,41.5,,tablet,youtube,scholarship,9,FALSE,,,0
L-02315,22-03-2026,17,1,Diploma,5.9,3.11,7,3,,FALSE,mobile,instagram,paid,14,yes,73.5,called on phone,1
L-02156,2026-02-15,22,1,High School,9.4,1.08,3,6,40.4,No,Desktop,school_partner,paid,2,Y,80.2,duplicate?  check,1
L-00280,03/04/2026,22,2,Other,7.0,,3,5,43.4,TRUE,laptop,instagram,scholarship,11,0,,called on phone,0
L-00466,2026-02-21,16,3,DIPLOMA,,1.28,0,1,57.5,FALSE,mobile,youtube,free,21,N,,asked about certificate,0
L-02767,2026-04-04,15,2,Bachelors,9.6,5.26,6,5,53.3,FALSE,mobile,youtube,free,18,No,,called on phone,0
L-02664,27-04-2026,23,2,High School,6.5,1.06,3,2,20.9,No,laptop,instagram,paid,20,0,,requested extension,0
L-01477,2026-02-17,22,2,High School,8.7,4.38,3,8,62.9,Y,mobile,instagram,scholarship,8,N,,,0
L-00526,23/04/2026,16,2,Bachelors,9.2,6.37,5,7,74.4,FALSE,desktop,school_partner,paid,10,TRUE,72.7,-,1
L-00512,2026-05-20,20,2,Diploma,7.9,3.2,7,1,85.5,no,mobile,ngo_outreach,scholarship,12,Y,77.0,asked about certificate,1
L-00484,2026-02-13,19,tier-1,High School,12.5,0.95,1,5,0.0,No,mobile,friend,free,25,no,,,0
L-01640,2026-02-23,17,tier-2,High School,10.0,2.83,4,9,77.3,Y,laptop,school_partner,free,32,Yes,76.6,-,1
L-01565,2026-01-09,22,Tier 3,Diploma,4.3,3.98,0,2,,no,mobile,instagram,paid,9,0,,n/a,0
L-01306,2026-01-06,23,2,High School,4.8,4.63,5,11,70.9,FALSE,laptop,youtube,scholarship,19,Yes,73.9,asked about certificate,1
L-02692,2026-04-01,27,tier-1,Bachelors,6.9,2.94,6,0,74.8,,ipad,youtube,paid,1,TRUE,79.5,,1
L-02521,2026-03-15,22,1,Other,3.3,3.31,5,4,42.0,no,laptop,school_partner,paid,24,1,71.0,follow up next intake,1
L-02465,23-02-2026,23,2,Diploma,10.1,4.59,8,7,54.7,No,phone,instagram,scholarship,4,TRUE,74.7,asked about certificate,1
L-02166,2026-01-16,15,2,Bachelors,3.4,1.6,0,3,17.6,No,laptop,school_partner,scholarship,23,N,39.4,,0
L-02561,2026-05-25,19,2,High-School,1.0,0.71,3,4,53.6,N,laptop,friend,paid,28,No,,requested extension,0
L-01701,15/03/2026,17,tier-2,DIPLOMA,9.0,1.5,5,8,75.2,no,MOBILE,ngo_outreach,scholarship,3,yes,69.9,,1
L-00093,03-03-2026,17,tier-2,Bachelors,5.7,3.17,7,9,65.5,1,mobile,instagram,scholarship,2,Y,85.9,,1
L-01897,2026-05-02,,3,High School,12.2,3.38,3,0,24.8,0,mobile,school_partner,free,19,No,,n/a,0
L-02754,12-05-2026,15,,Diploma,12.6,3.27,5,5,64.0,FALSE,phone,school_partner,scholarship,12,Yes,77.3,requested extension,1
L-00992,2026-05-15,18,1,Bachelors,14.0,2.49,0,4,26.0,no,laptop,instagram,free,31,FALSE,,duplicate?  check,0
L-00693,2026-05-26,27,1,Diploma,3.1,,4,9,48.9,,mobile,friend,scholarship,17,FALSE,,-,0
L-02710,2026-01-26,15,2,Diploma,6.5,3.32,5,5,87.7,Y,laptop,youtube,scholarship,5,Y,61.5,-,1
L-00549,2026-03-19,15,2,Bachelors,7.5,3.36,3,2,,1,laptop,instagram,free,26,1,71.2,called on phone,1
L-00980,2026-01-23,21,1,Bachelors,5.5,1.64,0,2,26.3,1,desktop,instagram,scholarship,35,0,,-,0
L-00491,13/02/2026,15,T3,High School,10.7,5.25,9,9,57.5,0,mobile,ngo_outreach,scholarship,12,Yes,83.5,asked about certificate,1
L-02776,2026-04-12,19,3,Bachelors,7.6,4.28,1,4,29.5,FALSE,mobile,school_partner,scholarship,24,No,,requested extension,0
L-00012,2026-01-17,21,2,High School,3.6,1.52,6,3,60.2,FALSE,mobile,instagram,scholarship,2,yes,81.3,duplicate?  check,1
L-02682,2026-05-08,15,3,Diploma,7.1,1.5,1,1,50.8,yes,mobile,instagram,paid,20,no,61.0,,0
L-01415,2026-02-22,18,Tier 2,Diploma,10.5,3.82,6,5,39.9,FALSE,mobile,school_partner,paid,13,TRUE,80.5,,1
L-00629,2026-02-28,25,3,High School,2.6,3.51,2,1,31.3,0,mobile,instagram,paid,15,no,,,0
L-01637,2026-03-19,17,2,Other,3.3,2.61,1,3,,N,mobile,friend,free,33,N,,n/a,0
L-00230,2026-04-18,19,2,High School,9.3,3.17,0,3,31.3,1,mobile,friend,paid,13,1,88.5,,1
L-01040,2026-04-04,15,3,Bachelors,9.4,5.41,5,2,97.5,N,MOBILE,friend,free,9,No,,follow up next intake,0
L-02203,2026-02-06,20,T1,Bachelors,2.5,6.8,6,4,45.3,Y,laptop,ngo_outreach,scholarship,15,1,74.1,n/a,1
L-00610,23/06/2026,16,2,,8.4,2.5,4,3,10.5,0,laptop,friend,paid,16,N,,,0
L-00655,2026-02-03,29,tier-3,Diploma,3.7,3.9,2,1,26.9,N,laptop,ngo_outreach,paid,44,0,,-,0
L-01624,26/06/2026,25,3,Bachelors,3.4,0.0,4,2,33.6,FALSE,mobile,friend,free,26,FALSE,,,0
L-00389,18-04-2026,20,Tier 2,HS,3.0,2.41,1,3,27.6,Yes,Mobile,school_partner,free,36,N,,,0
L-00612,2026-04-03,24,3,High School,10.1,4.26,3,3,48.7,FALSE,mobile,friend,free,1,TRUE,71.6,,1
L-00211,2026-03-09,15,1,High School,12.8,5.1,4,5,80.9,1,mobile,youtube,free,6,0,44.2,called on phone,0
L-01206,19-06-2026,30,,High School,9.4,3.0,2,4,31.4,0,mobile,friend,free,19,0,,asked about certificate,0
L-02525,03-03-2026,21,3,,1.1,0.29,1,3,0.0,Y,PC,ngo_outreach,free,55,0,,-,0
L-02085,20-02-2026,24,2,High School,10.7,3.86,3,1,54.9,no,laptop,friend,free,31,0,,,0
L-01756,2026-02-02,22,Tier 1,Diploma,7.9,3.91,0,2,37.5,TRUE,mobile,school_partner,free,26,FALSE,,called on phone,0
L-01859,20/05/2026,21,tier-2,,,4.49,6,11,60.8,0,mobile,instagram,scholarship,4,Y,81.0,duplicate?  check,1
L-02139,2026-03-24,22,tier-2,high school,13.1,5.06,7,1,75.9,1,mobile,instagram,free,10,1,80.8,,1
L-01223,2026-04-02,15,2,Bachelors,7.8,3.18,5,1,27.5,FALSE,mobile,other,paid,20,N,,n/a,0
L-02725,2026-01-14,20,Tier 2,Masters,9.5,2.82,3,3,51.3,No,mobile,school_partner,scholarship,19,N,,,0
L-00239,25/04/2026,25,tier-1,Diploma,10.0,3.42,5,0,37.8,yes,mobile,other,free,8,yes,74.5,-,1
L-02737,2026-02-05,,3,Bachelors,13.1,3.89,3,2,30.2,1,Mobile,school_partner,scholarship,2,No,,,0
L-00022,2026-01-20,19,2,Other,5.0,6.52,0,7,41.4,no,desktop,instagram,free,12,No,,duplicate?  check,0
L-02262,2026-04-15,15,3,Diploma,11.0,2.94,3,4,24.1,N,laptop,instagram,scholarship,21,0,,follow up next intake,0
L-02282,18/03/2026,19,2,Diploma,9.4,2.86,2,5,86.1,no,notebook,school_partner,scholarship,29,TRUE,85.3,follow up next intake,1
L-02758,2026-01-27,21,2,High School,7.9,4.12,5,11,74.9,no,mobile,school_partner,scholarship,19,N,,-,0
L-00201,2026-02-18,20,,Diploma,7.2,2.63,6,8,,1,Laptop,instagram,paid,11,yes,75.6,follow up next intake,1
L-02555,2026-02-05,24,3,Other,4.2,0.54,3,5,18.0,no,mobile,instagram,paid,42,TRUE,,,0
L-00997,2026-03-07,22,1,High School,5.7,2.48,5,6,34.2,no,desktop,instagram,paid,16,N,,,0
L-00546,2026-06-25,26,2,highschool,5.2,3.31,1,5,13.3,yes,laptop,youtube,scholarship,2,yes,72.3,,1
L-00277,07/03/2026,26,1,Bachelors,11.7,3.87,4,6,51.6,Yes,laptop,school_partner,free,3,FALSE,,,0
L-00929,10-03-2026,17,T2,High School,,0.42,1,2,2.1,No,MOBILE,friend,paid,9,0,,requested extension,0
L-01054,05/01/2026,17,2,Bachelors,5.0,3.88,4,4,52.3,no,Mobile,school_partner,free,36,0,,n/a,0
L-02277,2026-02-26,21,2,High School,9.3,4.35,2,4,57.0,FALSE,laptop,other,paid,17,FALSE,,n/a,0
L-00018,2026-05-26,19,Tier 3,High School,4.4,2.77,5,6,87.4,1,mobile,ngo_outreach,free,17,FALSE,,,0
L-00913,2026-05-07,26,1,Bachelors,5.6,4.2,1,2,43.3,0,laptop,school_partner,free,22,0,,follow up next intake,0
L-00346,02-02-2026,22,1,Bachelors,11.2,1.67,2,1,32.8,yes,mobile,instagram,free,14,FALSE,,requested extension,0
L-00765,02-02-2026,23,2,DIPLOMA,5.2,1.15,6,0,60.1,0,mobile,school_partner,free,30,N,,requested extension,0
L-01571,2026-03-24,18,3,High School,7.0,5.28,7,8,70.7,No,MOBILE,school_partner,free,8,No,80.1,n/a,1
L-01630,2026-02-23,27,2,Bachelors,5.6,0.0,0,4,26.3,No,laptop,other,scholarship,42,N,47.8,called on phone,0
L-01343,03-05-2026,19,3,Diploma,8.7,3.54,6,2,72.6,FALSE,Laptop,school_partner,scholarship,4,TRUE,76.3,duplicate?  check,1
L-01164,2026-06-12,16,3,Bachelors,4.2,1.64,0,1,,1,mobile,school_partner,paid,30,0,,n/a,0
L-02093,2026-05-08,17,2,,2.9,0.05,0,4,36.7,N,notebook,youtube,scholarship,46,N,,follow up next intake,
L-01564,2026-06-22,22,2,High School,11.5,1.73,8,1,69.0,No,laptop,instagram,free,21,No,47.4,-,0
L-00141,2026-06-23,25,2,Bachelors,3.3,3.22,1,1,14.7,FALSE,MOBILE,instagram,paid,25,no,88.6,asked about certificate,1
L-01270,15-06-2026,20,T1,Bachelors,,1.35,2,4,12.5,No,laptop,youtube,free,10,0,,requested extension,0
L-01232,2026-05-18,22,2,High School,11.3,0.0,1,1,0.0,no,mobile,friend,scholarship,14,No,,,0
L-02159,2026-01-26,16,3,Bachelors,,0.41,2,5,27.5,1,laptop,ngo_outreach,free,22,FALSE,,,0
L-01162,2026-06-27,22,2,Bachelors,11.7,4.36,8,2,89.0,Y,desktop,school_partner,free,16,yes,70.5,called on phone,1
L-00355,2026-02-02,21,1,Diploma,8.5,4.47,3,4,19.3,FALSE,mobile,school_partner,free,17,0,,,0
L-01244,2026-02-17,19,,Bachelors,4.6,1.3,3,5,52.5,no,mobile,friend,free,34,N,,called on phone,0
L-00420,18-03-2026,23,tier-2,Bachelors,7.7,3.85,5,6,33.0,,mobile,youtube,free,14,Y,83.1,,1
L-02261,2026-01-22,26,1,Diploma,5.1,2.95,4,3,31.5,no,laptop,youtube,scholarship,24,yes,81.5,,1
L-01857,2026-05-19,17,tier-2,Diploma,9.9,5.36,8,0,89.6,N,Laptop,friend,free,7,1,88.9,,1
L-02575,2026-01-25,,1,High School,12.9,0.35,4,2,11.6,No,laptop,ngo_outreach,scholarship,36,no,,,0
L-00102,2026-05-07,26,1,bachelors,4.1,1.84,4,1,59.0,TRUE,laptop,ngo_outreach,paid,22,no,50.9,requested extension,0
L-00061,17-06-2026,27,1,Masters,5.3,2.62,0,4,49.3,Yes,laptop,youtube,free,18,FALSE,,,0
L-01100,2026-05-05,22,2,Bachelors,4.9,3.42,7,5,32.1,N,tablet,ngo_outreach,free,13,no,,-,0
L-01896,2026-06-15,27,T3,Diploma,5.1,,5,5,60.6,Yes,laptop,school_partner,scholarship,25,TRUE,84.0,-,1
L-01676,2026-06-21,23,Tier 1,Diploma,5.1,3.42,4,13,79.2,Y,Laptop,instagram,free,14,Yes,85.2,asked about certificate,1
L-00434,02-06-2026,27,2,Bachelors,9.7,3.16,7,4,59.1,TRUE,mobile,school_partner,free,17,yes,62.2,-,1
L-00620,2026-06-11,22,3,High School,10.1,2.35,2,2,71.2,0,mobile,instagram,free,23,no,,called on phone,0
L-01185,17/01/2026,199,3,Bachelors,4.6,2.9,0,4,26.9,Y,mobile,school_partner,scholarship,33,No,,-,0
L-00168,2026-02-04,19,3,bachelors,5.6,4.56,4,3,71.8,No,notebook,youtube,scholarship,16,TRUE,58.5,follow up next intake,1
L-01911,24-01-2026,22,T1,Bachelors,7.7,4.76,5,1,55.8,FALSE,mobile,instagram,free,23,0,49.4,,0
L-00647,2026-05-19,23,3,HS,2.0,1.42,1,5,26.8,N,desktop,school_partner,free,29,FALSE,,-,0
L-00428,2026-05-27,15,3,Diploma,8.1,2.66,3,4,42.6,0,mobile,instagram,free,26,N,,,0
L-01534,2026-01-06,25,2,Bachelors,5.7,0.99,2,2,30.3,N,phone,friend,scholarship,12,no,,follow up next intake,0
L-01085,2026-05-17,24,Tier 1,Diploma,10.7,3.45,5,7,63.0,N,laptop,instagram,free,42,TRUE,76.4,-,1
L-00675,2026-01-01,22,2,High School,7.5,4.75,7,4,81.8,,laptop,friend,free,3,Yes,79.8,called on phone,1
L-00736,2026-02-12,25,1,High School,1.0,2.79,0,3,27.0,FALSE,mobile,youtube,free,30,TRUE,62.8,,1
L-01181,2026-06-11,20,Tier 2,,12.4,4.42,4,5,26.4,Yes,mobile,youtube,scholarship,32,Yes,82.1,,1
L-01889,2026-01-23,17,2,Diploma,8.1,4.92,6,5,,FALSE,desktop,ngo_outreach,free,10,Yes,75.5,follow up next intake,1
L-01767,2026-01-14,18,3,Bachelor's,6.3,3.86,6,4,58.5,No,mobile,instagram,paid,12,No,,called on phone,0
L-01947,19-03-2026,23,2,HS,6.9,4.05,7,5,107.9,No,laptop,instagram,scholarship,11,0,,requested extension,0
L-01940,11/06/2026,16,3,Masters,9.5,3.11,0,6,12.9,yes,desktop,friend,paid,18,N,,,0
L-02287,2026-03-11,24,tier-2,Bachelors,,3.05,0,0,,0,mobile,youtube,paid,39,N,,n/a,0
L-01813,2026-05-21,28,Tier 1,Diploma,4.1,2.17,5,2,16.7,0,mobile,instagram,free,31,FALSE,,-,0
L-00288,23-03-2026,18,T3,B.Tech,4.5,4.07,5,2,67.2,No,laptop,other,free,12,0,,,0
L-00490,08-03-2026,,3,Diploma,8.6,0.92,1,3,61.0,FALSE,mobile,youtube,paid,38,no,41.4,,0
L-00336,2026-02-11,20,tier-2,diploma,1.0,3.55,3,1,64.6,FALSE,ipad,youtube,scholarship,22,FALSE,78.0,called on phone,1
L-01710,12-01-2026,17,2,,10.7,2.12,4,10,29.4,FALSE,desktop,school_partner,scholarship,6,FALSE,,,0
L-02301,13/01/2026,27,2,Bachelors,1.0,5.13,5,7,50.8,FALSE,mobile,other,paid,12,0,,,0
L-02797,2026-04-04,17,3,highschool,7.0,3.46,4,3,48.6,yes,tablet,other,paid,19,0,,,0
L-01786,2026-06-23,27,2,Masters,10.1,5.26,4,4,86.2,no,desktop,instagram,paid,5,1,69.9,called on phone,1
L-02474,2026-06-07,26,T1,M.Sc,6.2,3.53,5,9,98.8,FALSE,laptop,ngo_outreach,free,23,Yes,77.2,duplicate?  check,1
L-00131,2026-01-16,15,1,Bachelors,1.0,3.99,3,1,47.2,Y,mobile,friend,paid,12,Yes,86.9,,1
L-02224,2026-01-09,15,3,DIPLOMA,5.5,2.36,4,1,58.7,Yes,mobile,friend,free,22,0,,duplicate?  check,0
L-00621,2026-01-09,23,Tier 2,Bachelor's,1.1,2.0,1,6,12.0,Y,laptop,instagram,free,15,No,,-,0
L-00305,2026-06-13,18,2,Bachelors,13.1,6.3,6,5,53.1,0,mobile,youtube,free,10,0,,follow up next intake,0
L-02446,2026-04-15,22,1,High School,13.2,,4,1,68.1,No,tablet,instagram,free,15,N,,n/a,0
L-02232,2026-06-14,19,,Masters,11.1,2.73,10,4,95.1,no,laptop,instagram,free,1,yes,77.9,called on phone,
L-02015,2026-01-13,29,3,Diploma,10.9,4.29,5,6,53.9,No,mobile,friend,free,23,No,,asked about certificate,0
L-00568,2026-02-21,19,Tier 1,Diploma,5.7,3.32,3,8,38.2,TRUE,tablet,ngo_outreach,scholarship,25,no,,,0
L-01983,2026-04-23,21,2,High School,7.0,0.87,1,1,48.3,FALSE,laptop,school_partner,free,33,No,,,0
L-00641,2026-05-09,21,1,Bachelors,10.7,2.59,0,3,,,laptop,school_partner,free,32,FALSE,,,0
L-00481,2026-02-27,21,1,High School,5.8,2.17,0,4,1.9,yes,mobile,ngo_outreach,paid,25,FALSE,,requested extension,0
L-02293,10-06-2026,16,2,High School,4.0,0.98,4,5,67.0,FALSE,mobile,school_partner,free,18,Y,84.0,,1
L-01197,12/04/2026,23,1,Bachelors,3.7,2.63,4,2,25.0,1,desktop,school_partner,free,19,no,,asked about certificate,0
L-01777,22-02-2026,18,2,Diploma,11.6,3.22,8,0,86.4,No,laptop,instagram,free,15,FALSE,,,0
L-00210,2026-03-19,25,1,Bachelors,6.1,0.55,1,1,50.9,Yes,mobile,instagram,free,17,FALSE,38.2,duplicate?  check,0
L-00762,05/06/2026,,2,Diploma,11.6,2.18,2,6,,yes,tablet,friend,scholarship,30,No,29.0,,0
L-00848,27/03/2026,18,2,High School,11.1,3.51,4,0,77.7,N,MOBILE,instagram,scholarship,20,TRUE,56.3,,1
L-01338,2026-05-16,29,3,Bachelors,1.0,2.14,2,1,5.8,0,phone,friend,paid,12,0,,asked about certificate,0
L-01773,07-03-2026,17,2,bachelors,6.7,1.69,0,6,27.5,no,mobile,other,scholarship,33,no,,,0
L-01190,2026-03-24,25,3,High School,7.8,3.46,1,4,36.5,no,mobile,friend,scholarship,6,no,,asked about certificate,0
L-01010,28-03-2026,15,T3,Diploma,2.5,4.84,6,6,25.7,Yes,desktop,instagram,free,27,0,,duplicate?  check,0
L-02565,2026-05-08,,3,High School,11.6,5.11,9,5,46.2,FALSE,mobile,school_partner,paid,4,Yes,72.0,,1
L-01056,15-04-2026,,1,Bachelors,11.2,1.5,0,0,21.8,Yes,laptop,youtube,free,20,0,,asked about certificate,0
L-00191,2026-03-16,20,2,Bachelors,4.4,0.4,0,1,,Y,laptop,friend,scholarship,21,no,,n/a,0
L-00575,16-03-2026,24,2,Diploma,,1.08,0,4,25.2,No,mobile,school_partner,scholarship,14,no,54.5,,0
L-00043,2026-02-21,15,2,Diploma,12.9,3.35,8,7,78.6,TRUE,MOBILE,ngo_outreach,scholarship,9,TRUE,94.6,,1
L-01333,2026-01-21,20,2,Bachelors,11.6,3.43,1,7,22.2,Yes,mobile,instagram,scholarship,21,No,42.2,asked about certificate,0
L-00430,02/06/2026,17,1,Bachelors,3.1,,0,4,35.1,,desktop,instagram,scholarship,39,No,,called on phone,0
L-00126,2026-04-11,24,2,Diploma,6.8,1.7,3,5,52.4,No,mobile,youtube,paid,14,no,,called on phone,0
L-01615,2026-02-16,21,tier-2,Diploma,5.9,1.98,6,0,64.2,FALSE,laptop,friend,free,12,FALSE,,called on phone,0
L-01572,2026-06-23,21,3,Bachelors,8.8,3.79,2,3,49.4,N,mobile,school_partner,scholarship,24,N,,n/a,0
L-01779,2026-04-09,22,1,High School,4.4,4.89,6,7,48.8,1,mobile,youtube,paid,11,Yes,89.4,asked about certificate,1
L-02495,04-02-2026,29,1,High School,10.2,3.25,6,2,31.9,Yes,mobile,friend,free,5,yes,91.1,requested extension,1
L-02318,26/05/2026,23,tier-3,Bachelors,2.9,0.0,0,6,30.8,FALSE,desktop,instagram,free,40,FALSE,,follow up next intake,0
L-00294,2026-01-18,23,1,Bachelors,12.6,2.17,0,2,54.6,Y,mobile,ngo_outreach,scholarship,31,No,40.3,follow up next intake,0
L-01044,2026-02-20,21,3,Diploma,4.9,3.3,9,5,,yes,mobile,friend,paid,7,0,,asked about certificate,0
L-02188,2026-02-09,31,T2,Diploma,11.2,1.89,2,1,20.5,no,laptop,youtube,free,27,No,,requested extension,0
L-01191,2026-02-06,19,3,Masters,8.2,2.92,0,3,64.6,no,Tablet,school_partner,paid,38,Yes,80.1,requested extension,1
L-01705,2026-06-19,25,1,Diploma,2.9,0.52,3,3,10.5,Y,mobile,youtube,scholarship,10,No,,,0
L-00045,06-02-2026,22,2,B.Tech,7.3,5.67,6,7,83.1,yes,mobile,friend,free,19,Yes,67.9,,1
L-02775,2026-04-06,29,1,High School,11.9,2.85,2,0,10.8,TRUE,Mobile,instagram,free,33,no,,asked about certificate,0
L-02563,2026-04-08,20,2,bachelors,3.7,2.24,4,2,48.5,0,laptop,friend,scholarship,15,FALSE,,n/a,0
L-00199,2026-01-03,20,2,B.Tech,5.6,0.0,4,8,50.9,FALSE,mobile,youtube,scholarship,25,TRUE,90.9,,1
L-02300,2026-05-21,21,2,Masters,7.3,1.74,3,3,61.5,No,laptop,instagram,free,22,0,,called on phone,0
L-00692,19-06-2026,19,2,High School,8.2,2.47,4,2,,,mobile,other,free,5,No,,,0
L-01573,18-04-2026,23,2,Diploma,8.3,2.74,3,2,103.2,Y,mobile,friend,scholarship,18,No,,requested extension,0
L-02360,17-01-2026,22,3,unknown,233.8,2.07,3,1,9.7,FALSE,mobile,youtube,paid,41,FALSE,29.0,follow up next intake,0
L-01593,2026-06-05,25,3,Masters,4.4,1.01,2,1,46.8,Y,mobile,school_partner,paid,16,No,,-,0
L-01693,2026-05-16,19,1,Bachelor's,6.5,3.28,6,9,36.5,yes,tablet,friend,free,13,no,,,0
L-00166,2026-06-13,,1,bachelor degree,1.0,2.94,4,3,62.5,TRUE,mobile,instagram,free,32,No,,,0
L-01125,2026-04-17,28,tier-2,high school,15.5,5.14,4,2,48.5,FALSE,mobile,other,paid,6,No,,requested extension,0
L-02435,2026-06-04,22,1,B.Tech,1.9,2.25,4,2,34.9,Yes,laptop,friend,free,14,No,,asked about certificate,0
L-01770,2026-02-23,15,1,Bachelors,6.5,0.92,4,4,11.8,1,laptop,school_partner,scholarship,3,Y,62.4,requested extension,1
L-01603,2026-05-17,28,T2,High School,10.4,5.18,6,1,93.9,Yes,mobile,friend,free,2,Y,75.3,-,1
L-01694,23-01-2026,24,1,high school,10.0,4.77,8,3,82.4,no,phone,friend,paid,2,TRUE,78.1,asked about certificate,1
L-00560,2026-06-27,22,1,HS,,4.14,5,3,45.1,0,mobile,friend,free,4,Y,88.0,-,1
L-00454,2026-04-17,0,1,,6.0,3.55,7,4,52.8,no,mobile,instagram,free,11,No,,,0
L-01557,2026-02-11,21,2,High School,8.0,,0,2,22.4,TRUE,laptop,school_partner,free,31,no,,,0
L-01022,2026-02-25,16,1,Bachelors,11.9,3.2,5,1,77.9,Yes,Laptop,ngo_outreach,free,22,yes,83.9,asked about certificate,1
L-00543,2026-03-27,22,1,High School,8.4,6.31,3,3,65.7,no,laptop,school_partner,free,6,FALSE,,requested extension,0
L-02720,09-04-2026,23,2,Diploma,3.7,2.89,3,4,75.9,FALSE,mobile,ngo_outreach,free,18,no,,,0
L-02524,22/06/2026,25,1,Masters,10.7,2.79,5,9,32.9,TRUE,laptop,ngo_outreach,paid,14,Y,71.0,asked about certificate,1
L-01952,2026-02-20,15,2,Diploma,3.5,4.32,5,2,24.3,TRUE,mobile,instagram,free,10,no,,,0
L-00870,2026-01-11,0,1,Diploma,8.9,2.55,7,2,92.1,0,mobile,friend,paid,5,No,,,0
L-02386,26/01/2026,22,1,High School,8.6,2.43,7,6,60.2,yes,mobile,school_partner,paid,30,TRUE,81.7,,1
L-00937,2026-04-12,18,Tier 2,Diploma,12.6,3.27,3,2,26.6,No,MOBILE,instagram,scholarship,21,FALSE,,asked about certificate,0
L-02332,2026-05-08,23,Tier 2,High-School,5.7,3.97,8,5,65.9,FALSE,mobile,instagram,paid,18,Yes,82.6,follow up next intake,1
L-01260,2026-02-23,16,3,High School,5.8,4.97,2,2,44.1,No,mobile,ngo_outreach,free,11,0,,,0
L-01541,2026-06-21,21,1,Bachelors,10.2,4.32,7,6,90.7,TRUE,laptop,friend,free,2,yes,87.7,follow up next intake,1
L-00500,2026-05-28,23,1,High School,6.2,1.71,2,1,61.9,0,laptop,ngo_outreach,paid,19,1,85.6,duplicate?  check,1
L-00253,2026-06-04,15,3,Bachelors,5.3,2.72,5,6,25.0,N,mobile,youtube,free,23,FALSE,,follow up next intake,0
L-00561,05-05-2026,25,1,Diploma,7.8,0.0,0,1,24.1,yes,laptop,school_partner,free,43,N,,,0
L-02768,15/04/2026,26,3,bachelor degree,4.6,1.94,1,5,66.7,no,mobile,school_partner,free,22,N,,requested extension,0
L-02172,2026-06-05,28,2,High School,7.0,3.94,6,1,,Yes,laptop,instagram,free,14,no,41.6,n/a,0
L-00534,2026-04-05,22,1,Diploma,1.0,2.28,1,3,42.0,Yes,mobile,friend,free,41,No,,follow up next intake,0
L-01681,18-06-2026,25,2,Bachelors,11.2,2.92,0,1,53.0,No,laptop,friend,free,36,FALSE,,follow up next intake,0
L-00497,2026-05-02,28,,Bachelors,12.2,2.99,1,3,76.0,Yes,laptop,youtube,free,4,No,,called on phone,0
L-00838,2026-06-03,22,T1,bachelors,9.6,,5,4,80.1,Y,laptop,friend,free,24,No,51.6,duplicate?  check,0
L-00523,07-03-2026,25,2,High School,2.2,2.52,3,2,35.6,No,laptop,instagram,paid,10,Y,75.0,requested extension,1
L-01901,2026-01-18,,1,Bachelors,5.9,2.08,8,3,39.9,Y,mobile,friend,scholarship,11,yes,70.7,,1
L-00522,14-01-2026,20,Tier 2,High School,1.9,0.31,2,1,0.0,Y,MOBILE,instagram,scholarship,42,0,,requested extension,0
L-01658,2026-03-22,17,,HS,7.6,3.68,6,7,49.6,0,mobile,ngo_outreach,paid,23,yes,74.3,-,1
L-02240,26-06-2026,19,1,Bachelors,4.4,6.58,9,8,73.3,N,mobile,instagram,scholarship,12,TRUE,75.3,,1
L-01065,01/03/2026,19,1,High-School,6.2,3.76,5,1,53.9,TRUE,mobile,school_partner,free,9,0,37.1,,0
L-00150,2026-06-10,25,tier-2,Diploma,2.3,4.97,6,7,77.9,yes,notebook,instagram,free,14,Y,86.2,requested extension,1
L-01672,2026-06-10,,2,Bachelor's,6.4,1.82,2,2,39.1,yes,mobile,friend,paid,35,N,,n/a,0
L-01403,2026-03-24,20,2,High School,4.3,4.52,5,4,68.9,No,laptop,friend,free,12,yes,75.6,,1
L-00279,2026-01-04,21,2,masters,6.4,2.13,0,2,32.9,FALSE,desktop,school_partner,free,10,no,,requested extension,0
L-01302,13-03-2026,20,tier-2,High School,1.7,3.37,8,1,32.3,FALSE,Tablet,instagram,scholarship,10,Yes,71.6,,1
L-01053,03-06-2026,25,T1,Diploma,10.8,2.93,3,3,78.2,N,mobile,friend,paid,25,TRUE,78.1,follow up next intake,1
L-02562,2026-02-07,25,Tier 3,Diploma,6.4,2.76,2,1,31.2,Yes,mobile,ngo_outreach,free,39,0,47.6,asked about certificate,0
L-00376,2026-02-16,25,2,Bachelors,,3.42,6,1,31.7,Yes,mobile,friend,paid,13,Y,78.4,asked about certificate,1
L-00255,2026-05-01,21,2,highschool,4.1,5.09,2,3,42.7,N,laptop,friend,paid,32,FALSE,,,0
L-01240,2026-03-12,18,2,,1.0,1.83,0,1,57.5,No,mobile,school_partner,free,19,FALSE,,-,0
L-01311,2026-04-15,34,2,B.Tech,3.5,3.7,6,3,38.6,TRUE,Mobile,ngo_outreach,free,37,no,62,,0
L-01281,2026-03-17,29,Tier 3,Bachelors,6.9,3.46,5,1,55.3,N,desktop,school_partner,free,9,no,,duplicate?  check,0
L-00483,2026-06-13,19,tier-1,Masters,4.3,1.51,0,2,0.0,0,phone,friend,paid,31,No,,duplicate?  check,0
L-01230,2026-05-15,21,2,Bachelor's,12.2,1.34,1,1,113.1,FALSE,mobile,instagram,scholarship,14,no,,asked about certificate,0
L-00565,21-02-2026,19,2,Other,10.7,5.26,3,6,48.4,No,mobile,instagram,scholarship,8,TRUE,68.8,,1
L-02388,2026-04-28,,1,Bachelors,4.7,4.41,5,3,48.2,Y,mobile,friend,scholarship,1,TRUE,91.5,,1
L-02594,06-05-2026,20,2,High School,11.6,4.41,5,7,89.4,No,Tablet,ngo_outreach,free,9,No,,called on phone,0
L-00673,2026-01-08,23,2,Bachelors,,0.82,1,1,47.8,no,desktop,school_partner,free,4,No,,,0
L-01904,2026-04-20,21,3,Bachelors,2.5,4.54,4,2,33.8,no,Mobile,instagram,free,16,No,,,0
L-01126,2026-02-11,19,2,Masters,6.7,4.29,3,2,75.9,1,mobile,instagram,scholarship,3,Yes,86.9,,1
L-02696,2026-05-06,24,1,High School,11.4,3.24,3,3,,No,mobile,youtube,free,16,FALSE,,,0
L-01955,13-04-2026,15,T3,Bachelors,3.8,3.67,0,2,44.1,N,laptop,school_partner,free,39,0,,duplicate?  check,0
L-01156,2026-04-14,22,3,High School,11.6,4.23,9,0,79.7,No,laptop,friend,paid,15,Yes,78.4,,1
L-00967,2026-05-19,19,3,bachelors,3.8,3.55,4,2,77.6,0,Desktop,instagram,paid,31,no,,,0
L-02102,2026-05-15,20,1,HS,10.4,3.5,3,1,48.2,No,laptop,school_partner,free,24,yes,63.1,,1
L-01505,2026-02-13,21,tier-1,High School,10.1,5.72,6,4,54.5,yes,mobile,instagram,free,10,0,56.9,,1
L-02017,2026-02-10,19,Tier 1,Diploma,5.0,3.38,5,0,45.3,no,mobile,instagram,free,8,Y,64.2,,1
L-01774,05-06-2026,18,Tier 1,,8.1,3.44,2,7,35.6,TRUE,tablet,instagram,free,31,no,,duplicate?  check,0
L-00399,2026-01-12,23,3,High School,6.0,3.93,2,1,25.9,Y,desktop,youtube,paid,36,N,,follow up next intake,0
L-01047,2026-02-21,27,1,B.Tech,1.0,2.17,2,0,0.0,no,desktop,other,free,40,No,,,0
L-02314,02-04-2026,20,Tier 2,Masters,10.3,3.83,5,3,0.7,No,Mobile,friend,free,11,FALSE,,,0
L-01765,2026-03-19,25,2,Bachelors,3.2,0.76,2,5,24.6,FALSE,desktop,instagram,free,32,N,,-,0
L-01320,2026-06-07,17,2,Bachelors,10.3,4.12,5,4,31.4,0,Mobile,school_partner,scholarship,4,yes,72.1,-,1
L-00243,2026-02-18,,1,Diploma,8.1,3.77,7,1,71.5,yes,mobile,friend,scholarship,18,Y,86.3,requested extension,1
L-01807,2026-04-25,18,,Masters,13.4,3.99,3,1,23.0,N,phone,friend,paid,10,FALSE,,asked about certificate,0
L-02269,2026-06-08,20,1,Diploma,8.9,3.43,0,3,18.4,Yes,desktop,ngo_outreach,free,39,N,,follow up next intake,0
L-01802,13-04-2026,,2,Other,7.4,2.35,4,0,6.4,0,mobile,youtube,free,35,no,,asked about certificate,0
L-01094,2026-05-15,22,tier-1,High School,5.4,4.37,9,5,63.9,1,notebook,friend,free,31,N,,requested extension,0
L-01456,2026-03-24,17,2,masters,5.2,4.27,4,4,38.0,N,mobile,school_partner,free,15,N,47.0,,0
L-00158,2026-02-06,15,3,Bachelors,10.0,1.73,1,2,100.0,yes,desktop,friend,paid,1,No,,,0
L-02350,2026-01-07,19,Tier 3,Bachelors,3.6,1.86,0,3,20.6,Y,laptop,instagram,paid,55,No,,,0
L-00300,2026-05-06,20,Tier 3,High School,8.1,3.88,6,0,87.5,FALSE,mobile,school_partner,scholarship,6,yes,78.3,,1
L-01455,27-04-2026,21,3,Masters,5.9,1.44,0,1,0.0,no,laptop,school_partner,free,37,No,,,0
L-01795,26-03-2026,17,3,,8.5,2.93,2,3,15.4,No,laptop,instagram,free,30,No,34.2,called on phone,0
L-00130,07-01-2026,15,2,Bachelors,4.3,3.13,3,5,50.6,Y,mobile,instagram,paid,42,FALSE,,requested extension,0
L-00330,2026-02-03,26,Tier 3,Bachelors,3.5,4.02,3,2,11.3,TRUE,notebook,friend,free,24,No,,asked about certificate,0
L-01536,2026-03-04,19,1,Bachelors,8.0,5.87,10,10,,TRUE,mobile,instagram,free,5,yes,78.5,asked about certificate,1
L-01215,09/06/2026,,2,High School,8.6,3.26,6,4,74.9,FALSE,Laptop,youtube,scholarship,34,yes,79.6,asked about certificate,1
L-02610,2026-06-10,25,3,Bachelors,5.7,1.78,3,0,51.9,0,laptop,friend,free,6,FALSE,,,0
L-00925,2026-06-10,25,3,High School,5.4,0.21,0,6,9.3,Y,laptop,school_partner,paid,18,1,69.1,-,1
L-02343,2026-06-09,15,3,Bachelors,9.2,3.86,3,1,15.7,No,mobile,school_partner,free,8,0,48.8,n/a,0
L-00054,2026-04-04,22,Tier 1,,4.3,3.23,2,2,22.1,1,Mobile,youtube,scholarship,20,FALSE,,,0
L-00083,2026-01-27,17,3,Other,3.0,2.52,2,5,13.6,0,Mobile,school_partner,free,31,0,,,0
L-00116,2026-02-26,27,2,Diploma,5.3,1.12,7,0,35.1,no,laptop,instagram,scholarship,20,yes,64.4,,1
L-00670,21-02-2026,21,1,Bachelors,4.7,3.65,3,6,12.0,yes,desktop,instagram,scholarship,34,0,,,0
L-02650,04-06-2026,30,1,Bachelors,9.4,4.01,2,5,52.0,yes,notebook,instagram,scholarship,27,Y,77.4,called on phone,1
L-00284,2026-01-16,32,2,Diploma,9.1,1.58,2,6,47.2,0,mobile,youtube,free,26,No,40.4,,0
L-02194,2026-02-01,24,2,High School,9.5,2.17,1,2,43.9,0,mobile,instagram,paid,25,0,,asked about certificate,0
L-00372,2026-01-14,24,1,Bachelors,10.0,1.68,1,2,7.8,N,desktop,friend,scholarship,8,FALSE,,,0
L-01266,2026-05-22,19,1,DIPLOMA,9.2,4.18,7,2,69.6,Y,mobile,youtube,paid,14,Y,69.0,,1
L-00426,17-05-2026,20,tier-2,Masters,7.5,1.24,4,5,27.0,TRUE,laptop,friend,paid,15,FALSE,,requested extension,0
L-01176,2026-02-15,21,1,Bachelors,3.2,4.08,5,3,66.9,No,mobile,friend,scholarship,38,0,33.1,n/a,0
L-02000,2026-01-18,24,2,Masters,13.6,4.08,3,5,75.6,no,laptop,instagram,free,14,no,,,0
L-00478,2026-05-06,21,Tier 1,High School,7.9,0.88,2,3,16.6,0,laptop,school_partner,free,21,Y,96.5,-,1
L-00653,19/02/2026,19,3,Bachelors,3.7,0.0,0,5,0.0,FALSE,mobile,youtube,free,31,no,,,0
L-01019,2026-05-11,24,2,bachelor degree,6.8,3.47,2,2,40.1,0,laptop,youtube,scholarship,17,FALSE,,follow up next intake,0
L-02145,22-03-2026,19,,,13.7,,2,3,,0,Laptop,youtube,paid,37,FALSE,,called on phone,0
L-00625,2026-03-12,17,T2,High School,7.7,4.84,5,2,67.8,N,tablet,instagram,free,7,yes,72.7,requested extension,1
L-01400,2026-04-08,19,3,High School,17.4,4.71,2,8,25.4,N,Desktop,instagram,free,15,TRUE,33.2,follow up next intake,0
L-01414,2026-04-25,,1,Bachelors,12.9,,7,13,,TRUE,laptop,friend,free,7,yes,77.5,,1
L-00480,01/02/2026,20,tier-1,Bachelors,9.0,1.9,3,1,107.6,0,mobile,friend,paid,14,Y,69.0,follow up next intake,1
L-01324,2026-02-20,,1,diploma,14.3,2.6,6,1,100.0,yes,mobile,school_partner,free,28,Yes,68.4,follow up next intake,1
L-01611,17-05-2026,22,2,other,7.0,2.96,3,1,,no,mobile,youtube,free,34,no,47.2,,0
L-02060,07-05-2026,,1,High School,14.5,3.3,5,1,44.7,No,phone,school_partner,free,15,Yes,80.9,-,1
L-02464,2026-05-03,18,2,Masters,6.8,3.85,6,3,97.2,no,phone,ngo_outreach,paid,9,TRUE,60.3,follow up next intake,1
L-02416,2026-05-09,23,3,HS,10.3,3.54,2,4,70.7,0,mobile,ngo_outreach,scholarship,0,No,,called on phone,0
L-00213,2026-03-27,15,3,Bachelors,8.0,2.05,6,6,28.8,FALSE,PC,school_partner,free,22,N,,requested extension,0
L-02366,2026-01-02,16,3,Bachelors,12.2,3.88,3,1,60.6,no,MOBILE,ngo_outreach,free,37,0,,,0
L-00542,2026-02-11,15,2,Diploma,3.9,3.51,6,2,94.1,Yes,laptop,youtube,scholarship,25,1,72.0,asked about certificate,1
L-00780,02/04/2026,25,1,High School,10.0,,4,1,60.9,1,laptop,ngo_outreach,free,2,no,,follow up next intake,0
L-00832,2026-05-11,19,2,Diploma,5.4,4.54,4,2,39.3,No,tablet,friend,paid,23,Yes,77.6,,1
L-00285,2026-01-03,,tier-2,Bachelors,12.1,2.35,2,4,,TRUE,mobile,instagram,free,23,No,,duplicate?  check,0
L-02539,14-05-2026,15,T1,Masters,5.7,3.07,7,5,52.7,No,MOBILE,instagram,scholarship,4,Y,68.2,,1
L-00960,2026-04-13,17,1,Diploma,7.0,2.07,2,2,20.3,1,mobile,school_partner,paid,23,0,,,0
L-01034,2026-02-01,16,2,Bachelors,5.9,5.05,7,3,64.6,FALSE,mobile,ngo_outreach,scholarship,20,1,76.0,requested extension,1
L-01143,2026-03-23,23,1,Bachelors,5.6,3.32,5,4,62.8,no,mobile,friend,free,30,No,,,0
L-01263,08/02/2026,24,tier-1,Bachelors,2.8,0.38,7,1,100.0,0,ipad,youtube,scholarship,4,Y,89.0,,1
L-00809,28-05-2026,18,1,High School,9.0,4.23,3,2,21.2,Y,mobile,instagram,free,23,no,,-,0
L-00689,04-06-2026,24,2,,2.8,1.71,5,8,44.5,No,mobile,school_partner,scholarship,11,no,,called on phone,0
L-02022,2026-06-08,25,2,Other,7.4,4.22,6,4,47.5,Y,mobile,school_partner,paid,1,no,,follow up next intake,0
L-02459,2026-02-23,22,tier-1,Bachelors,9.0,5.38,8,5,63.7,Y,MOBILE,youtube,free,16,Y,90.7,follow up next intake,1
L-01519,25-01-2026,19,2,Masters,7.8,3.57,7,4,53.8,,mobile,instagram,free,9,Y,66.0,asked about certificate,1
L-02448,2026-01-16,300,2,Bachelors,11.3,4.65,1,1,30.7,No,mobile,instagram,free,44,Yes,69.7,-,1
L-01796,2026-02-08,18,3,High-School,6.6,3.43,8,2,100.0,FALSE,mobile,instagram,scholarship,12,Y,78.5,,1
L-01525,2026-02-09,24,1,OTHER,,,6,9,86.7,TRUE,laptop,instagram,free,4,Y,89.8,,1
L-01662,05-02-2026,23,2,Bachelors,12.9,0.66,6,3,,Yes,Laptop,school_partner,scholarship,42,0,,called on phone,0
L-02220,2026-06-09,27,3,Other,8.2,2.28,2,2,40.5,0,Mobile,school_partner,free,19,N,,called on phone,0
L-02219,2026-03-24,24,2,High School,3.6,2.11,5,5,44.9,no,mobile,other,free,7,1,87.1,requested extension,1
L-00709,2026-04-26,29,1,High School,3.4,2.23,0,6,24.7,no,mobile,friend,scholarship,30,N,,n/a,0
L-01406,2026-01-23,23,2,High School,16.3,2.6,2,1,43.5,FALSE,mobile,other,free,42,0,,,0
L-00812,2026-04-22,26,1,diploma,8.3,3.06,2,1,60.4,FALSE,mobile,school_partner,scholarship,7,0,42.1,asked about certificate,0
L-02319,2026-02-18,,2,Other,9.4,6.28,6,14,81.5,0,mobile,school_partner,paid,12,Yes,66.2,asked about certificate,1
L-01392,2026-06-12,18,1,high school,14.6,5.89,5,5,75.5,1,Desktop,friend,free,17,TRUE,87.2,,1
L-02750,02-05-2026,22,3,Diploma,9.7,2.3,1,2,,TRUE,laptop,instagram,free,30,no,,-,0
L-02533,2026-01-21,22,T2,Bachelors,,1.57,6,3,,no,mobile,school_partner,free,14,FALSE,,n/a,0
L-00226,2026-04-14,24,,Diploma,10.4,5.5,8,7,35.0,1,mobile,friend,scholarship,4,Yes,64.2,,1
L-00317,2026-04-16,24,2,High School,10.2,3.69,3,6,51.6,Yes,mobile,friend,paid,16,Yes,79.8,requested extension,1
L-00282,2026-04-19,26,2,Bachelors,5.2,4.42,5,1,47.7,no,Desktop,other,scholarship,39,N,,follow up next intake,0
L-01579,2026-04-05,18,3,High School,8.4,3.54,1,1,14.8,TRUE,mobile,other,free,37,0,,n/a,0
L-01781,2026-01-27,23,1,,9.6,2.2,2,1,59.7,no,MOBILE,youtube,free,32,FALSE,,duplicate?  check,0
L-00776,2026-03-12,32,3,M.Sc,9.3,3.74,4,4,50.7,N,mobile,other,paid,27,N,,n/a,0
L-00363,2026-06-14,28,3,High School,9.8,,4,2,67.8,0,laptop,friend,scholarship,11,No,,called on phone,0
L-02783,2026-05-08,30,1,Bachelors,7.1,1.91,5,9,33.1,Y,notebook,youtube,free,9,yes,82.3,,1
L-00044,26/05/2026,24,1,Diploma,12.5,,10,2,72.3,0,mobile,instagram,paid,14,TRUE,79.7,asked about certificate,1
L-01871,17-02-2026,16,1,High School,5.1,0.0,2,2,41.4,FALSE,tablet,instagram,free,32,0,,-,0
L-02047,2026-06-11,21,1,HS,7.0,3.88,6,1,43.2,FALSE,mobile,youtube,paid,33,No,,-,0
L-02676,27/02/2026,15,2,Master's,8.1,0.0,2,1,0.0,N,mobile,school_partner,free,27,No,,follow up next intake,0
L-00065,2026-06-18,,2,High School,4.8,0.55,0,2,16.2,1,mobile,friend,paid,37,0,,,0
L-02695,2026-01-20,15,3,diploma,12.5,4.22,7,9,77.3,Y,phone,instagram,scholarship,12,1,98.5,requested extension,1
L-00092,22/03/2026,23,3,Diploma,7.8,2.39,0,1,0.0,yes,mobile,friend,scholarship,28,N,,,0
L-00643,2026-01-21,27,3,High School,13.0,5.59,6,6,80.3,,mobile,ngo_outreach,scholarship,3,Yes,64.4,,1
L-01905,2026-01-26,17,3,Diploma,10.0,2.01,2,1,70.7,N,mobile,ngo_outreach,scholarship,23,FALSE,,follow up next intake,0
L-02472,2026-06-17,18,Tier 2,Other,,4.15,5,5,38.9,No,mobile,instagram,scholarship,2,no,,-,0
L-00644,2026-02-23,19,3,Bachelors,8.9,5.89,10,6,96.5,0,phone,instagram,free,7,yes,70.6,,1
L-00312,19-05-2026,24,tier-2,bachelor degree,7.9,3.34,1,3,22.5,TRUE,mobile,school_partner,free,40,0,,,0
L-00410,2026-02-28,22,3,Bachelors,10.6,1.52,0,2,29.7,0,mobile,instagram,scholarship,19,No,,follow up next intake,0
L-01448,2026-02-10,15,3,Diploma,6.6,5.36,3,1,65.1,Y,laptop,ngo_outreach,scholarship,3,FALSE,,,0
L-01258,2026-02-12,22,tier-1,Diploma,7.4,4.84,7,4,31.1,No,MOBILE,other,paid,38,N,25.9,,0
L-01365,2026-05-15,23,1,Bachelors,13.3,1.65,4,4,75.3,TRUE,mobile,youtube,scholarship,32,FALSE,44.6,-,0
L-02793,12-06-2026,18,1,High School,8.4,3.21,4,4,37.6,N,laptop,instagram,free,2,N,41.2,asked about certificate,0
L-00154,2026-03-28,26,1,High School,5.4,2.27,3,4,18.8,No,mobile,instagram,scholarship,39,N,,duplicate?  check,0
L-02532,2026-05-05,22,2,Bachelors,9.0,4.0,0,3,25.8,1,laptop,youtube,scholarship,31,Y,85.7,duplicate?  check,1
L-01954,2026-03-28,16,tier-2,Masters,7.3,4.13,9,7,98.0,FALSE,mobile,other,scholarship,7,Y,82.4,,1
L-02634,2026-02-09,21,2,HS,10.6,2.71,3,1,60.7,no,laptop,youtube,scholarship,15,No,,n/a,0
L-00767,2026-03-27,23,1,diploma,9.1,3.43,8,1,91.8,Y,MOBILE,other,paid,31,1,77.9,follow up next intake,1
L-01122,2026-06-08,15,T2,High School,5.4,4.25,4,4,34.1,1,desktop,ngo_outreach,paid,17,1,82.6,follow up next intake,1
L-00798,18-01-2026,18,2,Diploma,3.2,4.62,3,2,60.3,No,mobile,instagram,scholarship,20,0,,,0
L-02372,21-03-2026,23,3,diploma,8.1,3.19,0,3,30.1,no,mobile,instagram,paid,50,No,43.9,,0
L-01241,2026-03-15,30,Tier 1,Masters,5.5,0.83,2,3,56.2,No,laptop,ngo_outreach,free,18,Yes,79.2,,1
L-01814,2026-01-14,,T1,Master's,,3.69,0,3,19.9,no,mobile,instagram,scholarship,19,no,43.6,-,0
L-00667,2026-06-05,,1,Bachelors,9.9,5.11,9,2,87.0,1,laptop,instagram,scholarship,6,Y,73.2,,1
L-01965,25/02/2026,16,2,Bachelors,6.5,3.79,4,0,70.9,N,mobile,school_partner,paid,14,FALSE,,,0
L-02461,2026-05-09,300,2,diploma,14.6,0.32,1,0,,0,mobile,ngo_outreach,free,13,No,,,0
L-00373,01-02-2026,25,1,Bachelors,4.5,3.95,4,2,63.3,N,mobile,ngo_outreach,scholarship,3,Yes,78.3,,1
L-02667,2026-04-24,21,2,B.Tech,11.6,6.16,4,8,,N,tablet,friend,free,5,yes,76.5,,1
L-00936,20/06/2026,15,2,Bachelors,5.2,1.54,3,5,55.1,FALSE,notebook,other,free,30,1,82.9,requested extension,1
L-02429,2026-06-22,25,1,Bachelors,3.3,1.4,2,1,27.3,0,MOBILE,instagram,free,32,0,,-,0
L-02731,01-06-2026,26,2,Bachelors,1.0,2.12,0,1,11.0,no,mobile,instagram,free,41,No,,duplicate?  check,0
L-01089,2026-06-14,20,1,Diploma,5.6,3.33,3,1,33.7,N,tablet,instagram,free,19,No,,n/a,0
L-00963,2026-02-26,22,3,High School,10.4,4.13,7,6,71.0,N,laptop,instagram,free,31,Yes,87.9,,1
L-02450,2026-04-24,18,1,Bachelors,1.8,3.69,3,1,,N,phone,school_partner,free,24,N,,duplicate?  check,0
L-00334,2026-05-12,24,tier-3,High School,3.8,1.17,4,1,81.8,no,desktop,instagram,paid,8,yes,83.2,,1
L-00227,2026-01-17,21,3,Bachelors,10.8,2.65,3,4,39.2,0,laptop,friend,paid,21,no,,follow up next intake,0
L-01253,2026-06-20,21,2,High School,1.0,1.48,5,4,68.1,1,Desktop,friend,free,17,0,34.5,,0
L-01277,2026-01-22,18,3,High School,9.2,3.66,2,6,13.7,Yes,laptop,youtube,free,11,No,,,0
L-00301,2026-02-03,25,2,Bachelors,9.6,3.75,2,2,45.1,N,notebook,instagram,free,21,FALSE,62,,0
L-01830,16-02-2026,20,3,bachelor degree,8.2,2.59,7,1,54.4,No,MOBILE,instagram,free,27,no,,,0
L-00731,2026-02-15,22,2,Other,8.8,4.16,3,2,60.0,1,Mobile,youtube,scholarship,20,FALSE,,-,0
L-01574,2026-03-19,28,2,Masters,9.3,4.91,3,0,51.1,N,desktop,friend,free,7,FALSE,,-,0
L-01991,25-01-2026,24,2,bachelors,10.1,5.28,7,2,32.2,TRUE,MOBILE,youtube,free,20,Y,78.0,requested extension,1
L-02762,2026-04-03,20,1,Bachelors,13.5,3.6,8,6,56.7,yes,desktop,instagram,free,27,no,,n/a,0
L-02025,05/02/2026,26,1,bachelors,8.3,4.41,5,10,72.6,N,desktop,instagram,scholarship,19,Yes,83.7,called on phone,1
L-01467,27-05-2026,28,Tier 2,Bachelors,13.6,2.89,6,1,63.5,N,Mobile,ngo_outreach,free,3,TRUE,66.3,requested extension,1
L-01299,2026-05-13,20,3,Bachelors,2.4,1.74,0,1,31.8,N,desktop,instagram,scholarship,19,N,,,0
L-00133,2026-06-14,21,T3,High School,6.4,3.55,6,2,,Y,mobile,ngo_outreach,paid,4,no,,called on phone,0
L-01654,2026-02-24,22,Tier 1,Masters,5.8,1.62,0,4,0.6,N,laptop,friend,paid,31,FALSE,,-,0
L-00304,2026-01-15,20,2,Bachelors,11.1,3.71,2,5,25.8,no,notebook,other,paid,12,Y,65.0,,1
L-00720,2026-06-09,18,1,High-School,4.1,,2,1,56.4,FALSE,mobile,instagram,paid,31,FALSE,,-,0
L-00077,2026-04-21,24,tier-1,High School,6.5,3.22,5,1,56.5,No,desktop,instagram,scholarship,17,N,,,0
L-00585,07/02/2026,21,Tier 2,Bachelors,10.3,1.35,6,3,58.4,0,laptop,ngo_outreach,free,14,yes,76.4,,1
L-02279,2026-02-18,,2,Bachelors,,2.43,1,6,83.0,No,laptop,youtube,free,30,Y,,,0
L-02311,2026-03-13,19,1,B.Tech,9.4,4.07,6,3,,FALSE,mobile,instagram,free,9,No,41.0,n/a,0
L-00817,2026-02-25,22,3,HS,9.8,3.94,7,8,59.6,N,mobile,friend,free,19,Yes,74.2,called on phone,1
L-00397,2026-01-13,,1,High School,5.4,,4,6,31.6,FALSE,mobile,school_partner,free,42,N,,n/a,0
L-01915,2026-01-04,23,1,Diploma,,0.51,0,3,0.0,no,mobile,friend,free,38,FALSE,,called on phone,0
L-02572,25/04/2026,16,1,Diploma,12.4,1.21,3,4,15.5,TRUE,mobile,instagram,paid,22,FALSE,36.2,,0
L-02712,2026-04-18,22,1,Bachelors,5.6,3.4,4,6,110.1,1,phone,youtube,free,23,0,,,0
L-02391,18-06-2026,15,3,High School,5.0,0.14,0,0,0.0,0,MOBILE,ngo_outreach,free,23,0,46.1,,0
L-01633,2026-01-17,19,2,M.Sc,7.4,3.35,2,1,4.7,no,laptop,friend,scholarship,18,FALSE,,asked about certificate,0
L-00579,2026-04-21,22,1,DIPLOMA,5.3,3.62,3,1,72.4,no,mobile,school_partner,free,15,Y,81.0,,1
L-01594,2026-02-23,17,1,Bachelors,7.5,4.09,3,4,65.9,FALSE,mobile,instagram,scholarship,12,Yes,55.3,-,1
L-01517,2026-03-02,20,1,High School,5.8,2.49,5,1,47.2,N,laptop,instagram,free,0,N,,,0
L-02212,2026-04-05,17,2,High School,1.7,3.85,4,6,53.0,TRUE,mobile,instagram,free,9,no,75.0,follow up next intake,1
L-01187,2026-02-13,19,Tier 3,High School,4.6,2.2,4,3,15.8,1,laptop,ngo_outreach,free,6,0,,asked about certificate,0
L-00917,2026-02-03,25,3,highschool,7.7,2.82,3,4,55.3,No,tablet,ngo_outreach,paid,2,1,71.2,,1
L-00105,2026-06-17,25,T2,Bachelors,8.7,4.63,2,4,44.8,N,mobile,youtube,scholarship,7,0,,requested extension,0
L-00495,04-04-2026,22,3,High School,6.8,5.23,7,2,79.5,1,MOBILE,instagram,scholarship,2,TRUE,75.9,,1
L-02265,2026-01-27,28,3,High School,3.2,4.16,1,3,36.4,FALSE,phone,youtube,free,20,no,,asked about certificate,0
L-01588,2026-02-17,21,2,Diploma,1.0,2.93,3,4,68.3,FALSE,laptop,friend,scholarship,14,yes,84.6,requested extension,1
L-02730,19-01-2026,25,tier-2,High School,8.5,4.28,5,2,48.7,no,Mobile,instagram,paid,11,TRUE,80.0,-,1
L-01646,2026-04-16,17,tier-2,Bachelors,4.0,3.39,8,3,53.2,Y,laptop,other,free,16,FALSE,,,0
L-02237,2026-03-10,19,Tier 2,Bachelors,8.8,3.12,8,8,34.2,No,mobile,ngo_outreach,free,18,N,51.2,-,0
L-01708,2026-04-27,21,1,High School,4.5,0.0,4,5,8.8,Y,mobile,school_partner,scholarship,38,No,,requested extension,0
L-00856,2026-01-22,,3,Bachelors,,3.19,2,1,40.8,TRUE,mobile,youtube,paid,31,No,,,0
L-01159,2026-03-18,16,1,High School,6.6,0.3,5,5,45.3,Yes,mobile,instagram,scholarship,13,yes,66.1,,1
L-00202,2026-06-23,22,2,Other,3.9,3.43,4,3,73.8,yes,mobile,instagram,scholarship,20,1,85.0,n/a,1
L-01879,2026-01-06,16,1,highschool,10.6,2.12,4,7,32.1,Y,desktop,instagram,scholarship,59,FALSE,,requested extension,0
L-01817,2026-04-04,21,Tier 2,B.Tech,4.9,3.45,6,3,58.1,No,notebook,school_partner,free,30,TRUE,97.3,follow up next intake,1
L-00496,2026-04-16,23,2,Bachelors,7.8,1.66,1,5,74.3,N,laptop,youtube,scholarship,19,No,,asked about certificate,0
L-02409,24/06/2026,24,2,Bachelors,10.1,4.18,0,2,41.1,Yes,desktop,youtube,paid,34,no,44.5,,0
L-02645,2026-03-16,24,1,Other,11.0,4.39,5,3,40.5,1,mobile,school_partner,free,24,no,,,0
L-00412,2026-05-27,29,2,High School,11.6,4.04,4,4,57.3,FALSE,mobile,youtube,paid,20,Y,100.0,follow up next intake,1
L-01495,2026-06-21,15,,Masters,5.7,2.13,2,1,45.2,no,laptop,instagram,scholarship,32,TRUE,66.7,requested extension,1
L-02176,2026-06-19,35,Tier 2,Bachelors,4.5,4.12,5,1,97.7,FALSE,laptop,ngo_outreach,scholarship,4,Y,72.5,,1
L-00531,2026-01-07,21,tier-2,highschool,7.3,4.25,4,3,33.2,1,laptop,school_partner,free,22,TRUE,80.5,called on phone,1
L-02699,14-05-2026,24,T1,Bachelors,9.6,0.7,0,0,26.1,TRUE,laptop,school_partner,paid,25,No,,,0
L-01297,2026-01-16,22,T1,DIPLOMA,8.1,2.12,1,5,0.0,Y,desktop,youtube,free,21,0,,,0
L-01831,2026-05-18,24,1,Diploma,8.5,3.07,0,1,17.2,N,desktop,instagram,free,12,FALSE,,follow up next intake,0
L-00123,2026-03-10,22,2,Diploma,3.1,3.67,4,0,80.0,N,mobile,youtube,scholarship,13,1,74.3,n/a,1
L-01012,2026-01-21,21,3,M.Sc,9.2,0.19,2,7,0.0,no,mobile,friend,scholarship,32,0,,,0
L-02187,28-01-2026,26,1,Bachelors,,1.72,4,1,17.0,no,laptop,school_partner,scholarship,19,No,,,0
L-00544,2026-06-27,18,Tier 3,Bachelors,6.1,2.2,1,3,63.1,Y,laptop,school_partner,free,26,No,,,0
L-00964,2026-01-24,31,1,High-School,7.8,2.75,2,2,18.4,1,mobile,school_partner,scholarship,15,0,,,0
L-00717,2026-04-01,20,Tier 1,Bachelors,8.1,2.54,4,2,66.1,FALSE,laptop,instagram,scholarship,19,1,72.5,asked about certificate,1
L-00890,2026-01-21,21,3,unknown,9.4,1.41,0,3,38.0,Y,mobile,friend,scholarship,32,0,,follow up next intake,0
L-01949,2026-05-15,18,2,Bachelors,10.2,,3,4,26.5,No,laptop,school_partner,scholarship,30,FALSE,,,0
L-01533,02-01-2026,21,3,High School,2.9,1.32,2,5,11.1,Y,laptop,instagram,paid,25,0,,requested extension,0
L-02056,2026-05-10,20,T2,Bachelors,6.6,0.44,0,2,11.0,TRUE,Mobile,instagram,free,11,N,,asked about certificate,0
L-00618,05/04/2026,25,2,High School,7.1,0.65,0,1,33.9,N,desktop,school_partner,scholarship,34,FALSE,,requested extension,0
L-01775,15-02-2026,27,3,Bachelors,6.2,4.6,2,5,53.8,yes,mobile,friend,free,15,FALSE,,,0
L-00880,11-06-2026,19,3,M.Sc,5.9,3.86,5,1,79.4,Y,tablet,school_partner,free,11,1,75.1,,1
L-01692,2026-02-12,18,1,Other,2.6,2.24,3,6,61.8,,MOBILE,instagram,free,1,0,,requested extension,0
L-01118,2026-01-28,15,2,Other,11.1,4.84,9,7,67.0,yes,mobile,ngo_outreach,free,10,yes,74.2,,1
L-00302,2026-06-21,21,1,High School,7.3,1.67,0,1,41.2,TRUE,mobile,instagram,free,17,No,,-,0
L-00326,03/03/2026,15,1,Other,7.7,3.53,6,6,27.1,Yes,tablet,ngo_outreach,free,35,FALSE,35.3,asked about certificate,0
L-02111,2026-05-19,23,3,High School,11.2,5.76,4,2,83.1,No,mobile,school_partner,free,23,yes,65.3,,1
L-00819,2026-02-27,20,Tier 2,other,9.7,5.34,8,0,44.1,FALSE,laptop,friend,free,14,No,,asked about certificate,0
L-00711,2026-02-04,25,1,Diploma,10.7,2.91,1,1,19.6,yes,mobile,instagram,paid,39,No,40.4,-,0
L-01846,2026-04-06,21,3,Diploma,5.0,4.96,6,14,85.2,Y,MOBILE,instagram,paid,14,yes,88.7,n/a,1
L-02406,2026-04-01,30,1,Diploma,7.6,1.84,0,1,10.7,FALSE,desktop,youtube,free,38,no,,,0
L-01073,14-03-2026,19,1,Bachelors,9.8,5.56,6,10,70.7,no,desktop,friend,scholarship,4,Yes,81.0,duplicate?  check,1
L-00222,2026-06-23,29,2,bachelors,6.2,3.66,4,4,,no,notebook,school_partner,scholarship,16,Y,71.8,requested extension,1
L-02398,2026-01-16,15,3,high school,2.4,2.38,2,2,31.3,N,mobile,instagram,free,39,No,,,0
L-00842,2026-05-14,300,2,Diploma,11.5,2.61,3,0,23.1,Y,laptop,ngo_outreach,free,44,no,,called on phone,0
L-01811,2026-04-15,20,tier-1,Bachelors,8.2,1.22,3,3,50.4,TRUE,notebook,friend,free,1,Yes,86.1,-,1
L-01195,23/04/2026,16,1,bachelor degree,8.4,4.21,4,0,67.0,0,tablet,school_partner,scholarship,15,yes,62.4,follow up next intake,1
L-01690,2026-06-03,20,1,Diploma,9.7,6.75,9,14,98.2,no,mobile,friend,scholarship,25,yes,87.2,,1
L-00702,2026-03-18,23,3,Bachelors,6.7,3.84,7,4,72.5,1,desktop,instagram,paid,15,1,78.7,-,1
L-00360,2026-01-18,25,1,Masters,8.7,1.54,2,2,12.2,No,mobile,other,free,17,No,,,0
L-02138,08-01-2026,25,3,Diploma,8.7,2.52,3,3,40.5,,desktop,instagram,paid,2,no,,duplicate?  check,0
L-01386,24-03-2026,15,3,Masters,9.8,2.78,8,5,69.9,no,laptop,instagram,free,18,Y,69.8,asked about certificate,1
L-02238,28-04-2026,17,1,bachelors,9.5,4.54,4,4,47.5,No,desktop,instagram,free,14,No,,,0
L-02152,24-05-2026,25,T3,Bachelors,14.3,3.91,3,2,58.3,0,mobile,school_partner,scholarship,29,N,50.0,requested extension,0
L-02434,2026-06-10,22,2,Diploma,8.6,3.26,7,1,62.7,TRUE,laptop,school_partner,free,4,Yes,90.0,n/a,1
L-01783,28/01/2026,,1,bachelors,3.5,4.39,1,4,19.8,Y,desktop,other,free,30,FALSE,,,0
L-01288,15-05-2026,17,2,High School,11.1,5.18,6,2,84.5,TRUE,mobile,ngo_outreach,free,25,1,71.5,,1
L-01451,20/02/2026,23,3,Other,8.9,2.12,3,8,62.7,no,mobile,youtube,free,8,TRUE,,called on phone,0
L-02591,2026-03-09,15,2,Diploma,4.7,2.6,2,7,63.9,No,mobile,instagram,paid,4,0,29.0,called on phone,0
L-00885,2026-03-10,25,2,High-School,2.4,3.38,5,5,58.0,FALSE,desktop,friend,scholarship,12,No,,asked about certificate,0
L-02223,2026-06-26,21,1,High School,4.7,2.65,6,2,31.6,FALSE,tablet,instagram,paid,9,yes,68.6,asked about certificate,1
L-01433,2026-02-04,23,3,Diploma,7.9,3.62,10,6,100.0,FALSE,laptop,instagram,free,1,yes,69.6,,1
L-01423,19-03-2026,22,1,Bachelors,9.6,4.24,5,3,78.4,yes,ipad,school_partner,scholarship,18,1,81.2,called on phone,1
L-01447,2026-06-09,17,1,High School,,4.4,9,4,31.5,N,phone,instagram,scholarship,3,Y,67.9,n/a,1
L-00237,2026-05-09,24,1,High School,4.0,3.04,4,0,33.5,Y,mobile,instagram,scholarship,27,TRUE,75.8,,1
L-02001,19-06-2026,23,3,Bachelors,8.7,5.26,8,0,,N,mobile,school_partner,free,8,Y,67.0,n/a,1
L-01924,2026-06-08,21,1,High School,13.1,5.41,10,7,47.9,Yes,desktop,friend,paid,4,Y,77.5,duplicate?  check,1
L-01873,2026-01-18,26,2,Diploma,4.8,3.38,2,5,78.0,no,mobile,school_partner,paid,18,0,,,0
L-02632,2026-05-21,,1,Diploma,4.8,4.77,7,5,71.2,No,laptop,instagram,free,3,Y,92.8,,1
L-01312,06-03-2026,19,Tier 2,Masters,8.7,5.46,3,7,46.0,0,laptop,instagram,free,11,N,,,0
L-00601,28-05-2026,18,2,Other,3.6,1.67,1,0,31.1,No,mobile,friend,free,21,no,,,0
L-01295,2026-01-04,18,2,Bachelors,8.4,1.64,5,4,29.6,1,PC,school_partner,free,26,Y,86.9,-,1
L-00299,16-02-2026,15,2,B.Tech,7.9,2.57,6,3,25.6,Yes,laptop,school_partner,paid,28,N,,,0
L-00082,2026-01-16,28,2,Bachelors,8.6,2.13,5,5,40.8,yes,desktop,instagram,scholarship,25,Yes,83.0,duplicate?  check,1
L-01739,27/01/2026,21,3,Diploma,3.5,3.24,3,6,51.2,FALSE,phone,instagram,free,18,No,,n/a,0
L-01696,2026-03-21,21,2,HS,4.7,2.55,3,0,74.0,TRUE,laptop,ngo_outreach,scholarship,40,no,,duplicate?  check,0
L-00250,2026-04-07,25,T2,Masters,5.2,0.53,1,2,,,mobile,school_partner,scholarship,28,FALSE,,,0
L-00854,18-02-2026,25,2,Diploma,1.0,2.95,6,2,70.4,N,desktop,ngo_outreach,free,19,yes,81.0,duplicate?  check,1
L-01884,2026-05-13,23,3,Bachelors,5.2,4.45,3,6,41.8,no,mobile,school_partner,scholarship,8,0,54.5,called on phone,0
L-00031,01-05-2026,20,1,High School,7.9,2.33,7,4,51.2,N,Laptop,instagram,scholarship,11,no,,,0
L-01642,02-01-2026,17,1,Master's,11.3,0.18,6,1,45.0,No,laptop,friend,scholarship,20,no,48.0,asked about certificate,0
L-01700,2026-05-19,16,1,Other,8.4,3.45,1,4,44.9,Y,tablet,instagram,paid,21,N,,duplicate?  check,0
L-02760,11/05/2026,20,1,High School,5.2,2.83,7,3,74.8,0,mobile,ngo_outreach,scholarship,31,No,37.0,duplicate?  check,0
L-01711,2026-05-11,18,1,Bachelors,6.7,4.66,6,3,59.0,yes,Mobile,ngo_outreach,free,18,Y,83.8,duplicate?  check,1
L-02027,2026-05-16,15,2,Bachelors,3.6,0.47,3,0,59.5,0,mobile,school_partner,scholarship,30,N,,,0
L-00722,14-02-2026,25,1,Diploma,325.3,4.17,1,1,47.6,1,mobile,ngo_outreach,scholarship,9,N,,asked about certificate,0
L-00919,2026-04-03,0,tier-2,Other,2.3,3.82,4,4,62.3,Yes,phone,instagram,paid,2,No,,,0
L-02382,15-02-2026,28,1,Diploma,4.2,1.37,2,3,44.5,1,tablet,friend,scholarship,33,no,42.1,,0
L-02413,28-05-2026,20,2,Other,,0.75,0,0,3.9,TRUE,laptop,ngo_outreach,paid,38,No,,asked about certificate,0
L-00473,2026-03-20,30,1,Bachelors,7.8,4.1,5,4,61.6,no,Tablet,youtube,free,20,TRUE,69.0,,1
L-01993,18/03/2026,27,1,Masters,12.3,1.92,3,6,,Y,mobile,ngo_outreach,scholarship,14,Y,87.6,,1
L-02006,2026-03-07,18,3,,3.0,1.59,4,2,25.6,No,tablet,school_partner,paid,0,yes,83.5,follow up next intake,1
L-01864,14-05-2026,,3,Diploma,8.4,2.72,5,4,88.4,0,Mobile,youtube,free,6,yes,78.9,,1
L-01490,05/01/2026,21,2,Bachelors,5.9,3.96,4,2,50.0,yes,MOBILE,instagram,free,4,no,,,0
L-02043,09-03-2026,,2,Diploma,14.9,3.92,4,2,56.2,TRUE,desktop,youtube,scholarship,4,no,,requested extension,0
L-01973,2026-02-18,26,3,Masters,5.7,4.77,4,3,85.5,0,mobile,school_partner,paid,20,FALSE,,called on phone,0
L-01160,27-03-2026,20,2,Bachelors,8.9,0.63,0,3,18.3,,mobile,instagram,scholarship,24,No,40.0,duplicate?  check,0
L-02401,2026-06-14,23,tier-2,Bachelors,9.6,,5,3,57.4,TRUE,mobile,instagram,free,3,no,,,0
L-00365,12/06/2026,18,2,,2.3,2.59,3,2,39.9,No,mobile,other,paid,8,No,,duplicate?  check,0
L-02161,2026-02-01,,3,highschool,10.1,2.95,7,3,52.0,TRUE,mobile,school_partner,scholarship,18,TRUE,71.8,,1
L-00589,07-02-2026,19,2,Masters,14.0,3.48,7,1,82.3,No,mobile,instagram,scholarship,3,no,85.7,asked about certificate,1
L-01736,2026-06-14,19,1,Diploma,3.2,1.65,6,2,30.4,FALSE,Desktop,instagram,paid,27,No,35.6,duplicate?  check,0
L-00052,2026-04-16,21,3,,1.0,3.17,4,5,39.7,no,mobile,school_partner,scholarship,30,N,,-,0
L-02357,2026-04-16,26,2,Bachelor's,9.9,3.33,1,1,42.5,yes,tablet,school_partner,scholarship,28,No,,requested extension,0
L-00135,16-02-2026,19,3,Diploma,11.0,4.15,7,8,65.8,1,PC,ngo_outreach,paid,9,Yes,69.4,,1
L-02431,2026-02-13,24,1,High School,11.0,2.65,3,1,109.7,N,laptop,instagram,free,36,N,,,0
L-02616,2026-06-13,17,2,Bachelor's,8.6,2.23,2,3,37.5,no,mobile,friend,scholarship,22,1,88.5,,1
L-00573,2026-04-06,17,1,High School,8.9,0.61,1,6,27.0,0,laptop,youtube,free,41,0,50.2,follow up next intake,0
L-02609,20/03/2026,17,tier-2,High School,7.9,3.32,2,3,53.4,yes,mobile,school_partner,free,22,TRUE,81.2,asked about certificate,1
L-00268,2026-02-22,16,2,Diploma,4.3,0.96,4,3,72.7,Y,desktop,school_partner,free,11,N,,,0
L-00540,2026-03-06,20,1,OTHER,5.9,2.24,6,1,,Y,mobile,friend,free,16,N,61.0,requested extension,0
L-00725,20-03-2026,17,1,Bachelors,6.0,1.68,4,2,54.8,1,mobile,instagram,scholarship,36,N,34.2,,0
L-02054,16-01-2026,17,1,Bachelors,7.3,,3,2,49.3,No,mobile,school_partner,paid,30,FALSE,,,0
L-01840,2026-02-28,19,2,Bachelors,4.3,2.91,0,2,18.6,no,laptop,instagram,paid,8,N,35.4,,0
L-00088,2026-05-13,23,1,High School,4.9,2.95,0,4,54.6,FALSE,mobile,instagram,free,15,FALSE,,,0
L-01743,07-06-2026,23,1,diploma,4.5,5.91,10,8,87.3,FALSE,laptop,friend,scholarship,23,Yes,66.1,,1
L-00939,21-06-2026,15,3,High School,13.8,1.26,4,2,37.1,TRUE,mobile,instagram,free,41,N,,,0
L-00900,14-06-2026,17,1,,,3.0,1,2,19.1,1,mobile,ngo_outreach,free,20,FALSE,,,0
L-00622,2026-05-08,25,Tier 1,Bachelors,2.1,0.7,6,2,42.7,0,mobile,school_partner,paid,8,FALSE,,,0
L-00344,2026-05-16,22,3,Bachelors,5.6,0.24,4,2,37.3,N,Desktop,school_partner,paid,31,FALSE,,-,0
L-00554,2026-06-25,17,3,High School,4.9,2.97,2,2,21.9,0,mobile,instagram,scholarship,46,N,,n/a,0
L-00830,2026-02-02,20,2,High School,7.0,3.56,4,3,7.8,Yes,desktop,other,scholarship,7,Y,89.7,follow up next intake,1
L-00447,2026-03-10,22,3,High School,5.3,0.73,0,1,1.3,Yes,mobile,friend,paid,49,no,,,0
L-01822,11-05-2026,26,2,diploma,6.4,0.0,0,3,1.8,no,Mobile,instagram,free,23,0,,requested extension,0
L-01504,2026-05-25,30,3,High School,4.0,2.57,4,1,32.0,no,laptop,instagram,free,17,0,,follow up next intake,0
L-01326,2026-02-22,22,2,High School,,3.36,5,8,48.0,No,mobile,instagram,free,29,no,,,0
L-02685,01/03/2026,23,2,Bachelors,,1.93,2,0,15.6,yes,mobile,instagram,free,11,no,,,0
L-02734,2026-04-01,15,Tier 2,Bachelors,7.5,2.6,3,6,19.0,FALSE,mobile,friend,scholarship,20,no,,,0
L-00820,11/03/2026,23,3,Masters,7.1,3.69,7,1,56.1,No,laptop,friend,scholarship,19,TRUE,87.3,follow up next intake,1
L-00212,27/04/2026,15,3,High-School,2.1,2.54,4,1,73.1,Yes,mobile,instagram,scholarship,5,0,,n/a,0
L-01559,03/02/2026,19,2,Master's,17.9,2.24,6,6,65.2,1,mobile,instagram,scholarship,6,yes,86.5,-,1
L-02593,2026-06-07,27,tier-2,Bachelor's,9.2,1.03,3,3,61.6,no,mobile,school_partner,paid,11,no,,requested extension,0
L-02520,18-04-2026,19,3,High School,8.1,2.61,9,5,52.5,0,phone,school_partner,free,2,No,49.6,asked about certificate,0
L-01972,2026-01-18,18,2,Bachelors,4.9,2.28,4,9,50.4,1,laptop,instagram,free,30,no,,-,0
L-00949,2026-03-06,23,Tier 2,Masters,4.3,2.72,3,5,29.8,1,Mobile,friend,free,5,0,30.6,requested extension,0
L-01071,12/03/2026,199,tier-3,High School,7.9,2.52,0,2,51.1,yes,mobile,youtube,paid,38,N,,,0
L-00792,2026-02-08,28,3,Bachelors,6.4,3.64,3,2,6.7,TRUE,phone,friend,free,26,0,,n/a,0
L-00207,2026-02-07,25,2,High School,1.5,0.19,1,1,16.2,yes,mobile,instagram,paid,23,FALSE,37.0,,0
L-00874,2026-06-21,18,3,HS,4.4,3.53,3,7,38.8,Y,mobile,youtube,paid,4,1,76.7,n/a,1
L-00457,2026-02-19,17,1,bachelor degree,3.1,2.04,1,6,25.9,0,mobile,youtube,paid,40,0,,n/a,0
L-01643,2026-03-23,29,3,high school,8.4,4.53,0,5,54.9,FALSE,mobile,school_partner,scholarship,22,no,,called on phone,0
L-00892,2026-02-01,23,2,diploma,9.2,2.29,2,6,42.5,0,mobile,school_partner,free,16,0,,called on phone,0
L-00519,25/02/2026,15,3,highschool,9.2,4.56,2,0,69.7,yes,mobile,ngo_outreach,free,29,no,,,0
L-02304,2026-06-13,,1,High School,5.1,3.6,7,1,78.7,no,mobile,school_partner,paid,8,1,97.8,follow up next intake,1
L-00977,2026-04-26,23,1,Other,1.6,3.99,1,3,24.8,N,mobile,instagram,free,28,no,,requested extension,0
L-00309,2026-02-14,22,2,DIPLOMA,8.9,7.0,6,6,79.6,Y,laptop,youtube,scholarship,3,1,80.1,,1
L-02316,15/01/2026,27,3,Diploma,7.1,1.36,0,4,27.5,FALSE,laptop,friend,paid,42,TRUE,,-,0
L-00624,2026-01-28,19,tier-1,Diploma,10.4,5.15,4,7,76.0,FALSE,mobile,friend,scholarship,13,yes,68.4,follow up next intake,1
L-01257,2026-06-28,22,3,DIPLOMA,4.8,3.58,1,1,23.5,Yes,mobile,friend,free,25,FALSE,,-,0
L-01951,2026-04-23,,,Masters,,0.68,2,3,25.4,1,laptop,youtube,free,18,No,,,0
L-01352,2026-05-27,21,3,High School,10.6,3.6,7,1,56.2,N,notebook,instagram,scholarship,6,1,,,0
L-00479,26-02-2026,20,2,Bachelors,6.1,1.99,4,2,47.2,No,phone,youtube,scholarship,27,1,66.7,follow up next intake,1
L-01201,2026-02-22,20,2,Diploma,7.0,3.19,4,0,,no,mobile,school_partner,free,22,N,28.6,asked about certificate,0
L-01082,2026-05-05,21,2,Bachelors,10.4,5.79,3,7,22.1,No,tablet,school_partner,free,12,FALSE,,,0
L-02497,2026-05-11,19,1,Bachelors,4.6,3.73,4,1,35.3,TRUE,Desktop,instagram,scholarship,21,No,,requested extension,0
L-02648,2026-03-05,26,2,Bachelors,3.7,3.8,0,1,62.1,N,mobile,school_partner,scholarship,34,no,,n/a,0
L-00203,2026-01-21,17,3,High School,6.9,4.03,5,9,55.8,N,mobile,school_partner,scholarship,18,No,26.4,n/a,0
L-00461,2026-01-13,19,1,High School,11.6,1.82,2,2,75.6,TRUE,desktop,instagram,scholarship,8,FALSE,,asked about certificate,0
L-00750,2026-06-28,22,3,Bachelors,6.3,2.71,5,3,91.4,yes,mobile,friend,free,8,Yes,79.2,duplicate?  check,1
L-02763,2026-06-18,19,2,Bachelors,4.0,,0,3,0.0,Yes,mobile,instagram,scholarship,23,N,,,0
L-02366,2026-01-02,16,3,Bachelors,12.2,3.88,3,1,60.6,no,MOBILE,ngo_outreach,free,37,0,,,0
L-01746,2026-04-01,19,2,High School,5.4,2.75,2,3,35.2,FALSE,mobile,instagram,scholarship,20,no,,requested extension,0
L-01163,2026-02-26,17,Tier 2,Diploma,5.1,1.86,5,7,47.7,TRUE,laptop,youtube,free,14,No,,,0
L-02454,08-01-2026,19,2,Bachelors,9.7,0.0,0,2,37.2,FALSE,Mobile,school_partner,scholarship,18,N,,follow up next intake,0
L-01825,2026-05-27,16,1,Masters,7.9,3.78,4,4,63.6,yes,tablet,other,paid,26,N,,duplicate?  check,0
L-00536,11/02/2026,19,1,High-School,8.5,2.69,2,0,46.5,yes,laptop,school_partner,paid,7,TRUE,81.7,,1
L-01238,2026-05-01,26,2,high school,1.7,5.07,4,3,56.2,0,Desktop,instagram,free,5,No,,,0
L-00600,2026-05-26,23,1,Other,2.6,6.5,10,9,100.0,0,mobile,youtube,free,21,TRUE,59.8,,1
L-00161,2026-01-26,16,tier-2,High School,14.4,4.83,4,2,56.3,no,mobile,instagram,paid,22,Y,66.0,,1
L-02576,14/01/2026,18,1,Bachelors,8.5,3.64,2,1,19.2,Yes,laptop,ngo_outreach,scholarship,31,no,42.3,,0
L-02544,08-04-2026,21,2,bachelor degree,11.7,4.49,7,6,,N,mobile,instagram,free,21,Y,70.2,asked about certificate,1
L-02596,22-06-2026,30,2,Bachelors,3.0,0.0,0,2,6.3,Yes,mobile,instagram,free,32,0,,called on phone,0
L-01329,17-06-2026,21,Tier 1,High School,10.6,6.12,8,8,86.1,TRUE,mobile,youtube,scholarship,16,0,38.6,,0
L-01797,2026-02-07,16,2,Bachelors,10.9,2.56,6,3,46.1,No,mobile,friend,free,5,Yes,86.3,n/a,1
L-00290,2026-04-02,29,2,DIPLOMA,7.3,,2,1,12.8,No,mobile,friend,free,15,Y,66.9,,1
L-00235,06-04-2026,24,2,,6.7,5.91,8,6,76.5,1,MOBILE,instagram,scholarship,23,yes,85.7,follow up next intake,1
L-01882,2026-01-04,22,1,Diploma,5.7,7.0,10,7,71.4,N,mobile,school_partner,paid,4,Yes,73.7,called on phone,1
L-01511,2026-01-05,28,2,Diploma,13.3,4.41,5,1,,Yes,Laptop,instagram,paid,13,no,,,0
L-02202,2026-05-13,,2,High School,6.0,3.3,3,2,22.7,N,laptop,school_partner,free,1,Y,77.1,,1
L-00974,18/05/2026,24,T2,Bachelors,7.7,3.29,0,6,,No,mobile,other,paid,7,FALSE,,,0
L-00248,2026-02-14,26,2,Bachelors,11.2,1.3,0,1,22.0,No,laptop,other,free,35,no,38.9,,0
L-01610,2026-01-17,22,1,Masters,6.1,4.93,6,7,100.0,0,mobile,school_partner,paid,17,Y,80.1,duplicate?  check,1
L-00422,22-03-2026,22,Tier 1,High School,9.1,2.21,2,1,41.1,yes,mobile,school_partner,paid,35,no,,requested extension,0
L-02691,2026-04-04,29,3,Bachelors,10.8,2.18,6,1,35.2,No,Desktop,instagram,free,11,No,46.0,,0
L-00547,02/01/2026,19,3,,6.7,4.43,2,2,47.0,No,laptop,other,scholarship,14,TRUE,89.1,,1
L-00379,2026-05-04,23,1,Other,1.0,1.67,4,3,57.1,Yes,laptop,ngo_outreach,free,17,TRUE,75.3,,1
L-00553,2026-01-09,24,T3,High School,9.8,2.86,5,7,,TRUE,mobile,school_partner,paid,22,Yes,68.0,,1
L-01200,05-06-2026,24,2,Diploma,1.0,2.4,10,1,95.7,FALSE,mobile,friend,free,6,Yes,84.9,,1
L-01360,2026-05-14,24,3,High School,7.2,5.89,3,1,58.7,0,laptop,youtube,free,31,0,,called on phone,0
L-00104,22-01-2026,17,2,Masters,2.4,2.82,2,1,43.1,yes,mobile,youtube,paid,12,FALSE,,called on phone,0
L-00598,28-03-2026,19,3,Diploma,5.5,5.32,6,1,49.1,No,notebook,ngo_outreach,free,15,TRUE,67.8,n/a,1
L-00623,2026-06-28,22,1,Bachelors,9.3,3.37,3,4,62.0,Yes,mobile,instagram,scholarship,10,FALSE,,,0
L-02773,2026-04-01,20,1,Bachelors,,3.85,7,6,48.2,yes,mobile,school_partner,scholarship,24,FALSE,,,0
L-00400,2026-03-25,26,2,Diploma,2.3,4.88,6,0,60.9,No,mobile,ngo_outreach,free,21,yes,81.0,requested extension,1
L-00528,2026-01-15,19,2,Bachelors,9.9,1.79,2,0,39.1,N,mobile,school_partner,scholarship,51,0,32.5,asked about certificate,0
L-01036,25-06-2026,15,1,Bachelors,4.8,2.59,0,8,11.7,FALSE,mobile,school_partner,free,16,0,,duplicate?  check,0
L-01331,14/04/2026,15,3,Bachelors,4.5,1.1,1,4,14.3,FALSE,mobile,friend,paid,28,no,,-,0
L-01986,11/04/2026,18,1,Diploma,4.8,4.21,1,2,,N,laptop,school_partner,free,31,No,,,0
L-00947,2026-03-03,22,Tier 1,B.Tech,9.2,7.0,4,1,71.1,no,desktop,school_partner,scholarship,0,yes,88.7,duplicate?  check,1
L-00828,14-02-2026,21,1,High School,7.0,2.63,7,2,48.2,N,Mobile,instagram,free,15,N,,,0
L-01999,2026-04-05,20,2,Diploma,7.8,1.9,4,1,5.7,No,MOBILE,instagram,free,26,FALSE,,,0
L-00996,2026-06-17,22,3,Bachelors,1.0,2.2,3,0,15.4,no,MOBILE,school_partner,paid,16,no,,,0
L-01061,2026-05-16,15,tier-1,Bachelors,6.6,3.28,6,4,78.5,TRUE,Mobile,school_partner,paid,6,1,84.6,follow up next intake,1
L-01613,2026-02-25,22,T2,Bachelors,,4.43,4,1,33.2,Y,mobile,youtube,free,22,No,,n/a,0
L-00703,13-05-2026,22,2,Other,10.8,2.71,2,0,8.5,no,tablet,school_partner,free,24,N,,,0
L-00029,10-05-2026,23,2,high school,10.5,6.69,6,8,47.8,N,mobile,friend,free,11,yes,61.9,,1
L-00712,2026-04-09,16,3,Diploma,7.2,2.88,6,3,,Y,phone,school_partner,paid,1,1,84.1,-,1
L-00985,2026-02-13,18,2,High School,11.2,2.55,5,3,33.8,Yes,mobile,school_partner,scholarship,30,N,35.6,n/a,0
L-02107,2026-01-26,15,3,Other,11.7,1.88,9,7,68.9,N,Laptop,instagram,scholarship,16,TRUE,59.4,-,1
L-02374,06/03/2026,18,2,Diploma,13.1,3.87,5,1,42.8,Yes,mobile,ngo_outreach,paid,18,TRUE,63.4,asked about certificate,1
L-00891,2026-02-17,15,3,Diploma,5.3,2.75,0,0,17.8,Yes,laptop,school_partner,free,17,No,,,0
L-00755,2026-06-07,19,1,Master's,9.5,2.6,5,1,36.6,0,mobile,school_partner,scholarship,16,FALSE,26.1,called on phone,0
L-02733,24/03/2026,29,2,Diploma,5.0,3.14,5,2,80.4,,laptop,youtube,scholarship,13,yes,62.1,,1
L-00606,2026-06-23,25,1,High School,6.2,2.67,0,0,28.0,N,laptop,friend,free,30,FALSE,,follow up next intake,0
L-00652,2026-02-22,19,Tier 1,High School,6.8,,0,0,0.0,No,laptop,school_partner,scholarship,41,N,,requested extension,0
L-00724,2026-06-01,27,1,Diploma,8.5,3.83,5,0,54.0,N,MOBILE,friend,free,15,Yes,78.4,,1
L-01055,2026-06-10,23,1,Masters,5.9,1.72,2,1,44.9,TRUE,mobile,school_partner,scholarship,5,Yes,76.0,called on phone,1
L-00328,2026-05-16,16,T1,Diploma,4.5,2.32,3,1,60.3,yes,mobile,youtube,scholarship,6,N,,,0
L-02765,2026-03-15,25,1,High-School,12.9,4.99,10,9,38.5,FALSE,Desktop,school_partner,paid,5,Yes,74.7,follow up next intake,1
L-00805,2026-05-23,16,1,Bachelors,8.5,1.67,3,1,58.3,0,MOBILE,school_partner,free,35,FALSE,,,0
L-00129,27-03-2026,,2,High School,10.5,3.75,5,6,43.9,N,phone,friend,paid,20,no,,,0
L-02257,2026-03-20,21,2,Bachelor's,5.3,4.96,4,0,85.5,,laptop,instagram,scholarship,3,TRUE,75.2,follow up next intake,1
L-00790,2026-02-27,23,Tier 2,B.Tech,11.6,5.41,5,1,100.0,Yes,MOBILE,youtube,free,2,Y,74.7,n/a,1
L-00435,2026-04-28,28,1,High School,4.1,2.03,0,1,54.3,FALSE,Tablet,ngo_outreach,paid,23,FALSE,49.9,,0
L-00877,20/05/2026,22,1,Diploma,6.2,0.6,0,2,66.2,N,mobile,instagram,free,15,N,,called on phone,0
L-00366,2026-06-12,20,2,High School,3.6,2.34,0,3,36.9,no,mobile,friend,free,21,N,,,0
L-02484,2026-04-27,15,1,High School,4.7,3.28,3,2,77.7,1,mobile,school_partner,paid,0,1,86.0,follow up next intake,1
L-02358,2026-03-02,18,3,Bachelors,5.8,3.18,7,2,64.9,no,tablet,friend,paid,39,TRUE,68.2,n/a,1
L-02299,2026-02-18,19,1,bachelor degree,6.6,0.0,0,2,34.2,no,laptop,school_partner,free,17,TRUE,,asked about certificate,0
L-01410,2026-04-12,26,3,Diploma,5.1,5.7,5,5,50.1,0,laptop,friend,free,19,No,,,0
L-02476,2026-05-14,24,2,Diploma,1.5,2.6,0,6,42.9,Yes,tablet,school_partner,free,19,Y,72.1,requested extension,1
L-00431,12-03-2026,16,2,Bachelors,8.0,2.97,1,3,66.8,1,mobile,youtube,scholarship,26,FALSE,,,0
L-01549,2026-05-28,15,3,High School,2.6,,1,2,26.4,TRUE,laptop,other,paid,19,no,,asked about certificate,0
L-00704,2026-03-15,25,2,Bachelors,5.4,4.3,5,2,71.4,Yes,desktop,friend,scholarship,23,Yes,86.4,,1
L-00831,2026-01-05,16,Tier 3,Diploma,6.8,,3,1,0.2,,mobile,other,scholarship,21,no,29.1,requested extension,0
L-00897,2026-04-24,23,Tier 1,High School,9.7,3.77,7,3,,N,mobile,youtube,free,6,FALSE,51.9,asked about certificate,0
L-02523,2026-05-25,0,2,Bachelors,2.8,4.03,5,3,38.1,no,MOBILE,youtube,free,26,no,53.2,asked about certificate,0
L-02077,2026-06-11,15,3,High School,8.3,3.94,4,0,18.0,No,Mobile,friend,free,0,N,53.7,,0
L-00252,2026-06-11,24,3,Diploma,10.5,2.4,6,1,33.1,FALSE,mobile,instagram,scholarship,26,TRUE,76.7,-,1
L-00320,2026-01-01,26,1,Diploma,1.0,0.29,1,3,37.1,FALSE,laptop,instagram,free,28,FALSE,,called on phone,0
L-01178,2026-06-07,24,1,Bachelors,5.7,2.21,4,2,53.9,TRUE,mobile,school_partner,free,17,FALSE,,,0
L-02137,2026-04-01,17,1,Masters,11.2,3.71,6,1,65.8,N,laptop,school_partner,paid,17,No,,duplicate?  check,0
L-01848,2026-01-27,16,1,Diploma,4.3,3.08,3,8,54.2,Y,desktop,ngo_outreach,free,16,Y,84.5,asked about certificate,1
L-02055,05/06/2026,25,2,High School,12.7,2.73,2,3,38.6,,phone,ngo_outreach,paid,5,Y,89.2,-,1
L-02291,2026-06-01,31,tier-1,OTHER,5.0,,1,8,85.8,0,phone,instagram,paid,22,no,,,0
L-02097,2026-05-15,24,3,bachelor degree,5.3,0.0,0,1,,1,mobile,instagram,free,7,No,,,0
L-02019,2026-03-05,24,1,High School,10.5,5.48,9,6,81.3,N,mobile,school_partner,scholarship,3,Yes,90.7,requested extension,1
L-00244,2026-05-08,27,1,B.Tech,5.5,1.23,2,0,23.9,No,mobile,friend,scholarship,26,N,,,0
L-02342,2026-06-12,26,1,DIPLOMA,6.8,4.06,5,4,66.5,1,laptop,ngo_outreach,paid,3,Y,80.7,asked about certificate,1
L-00467,10-04-2026,26,1,High School,5.2,1.58,3,0,12.1,1,notebook,friend,scholarship,20,yes,98.2,,1
L-00727,2026-04-03,15,Tier 2,Diploma,7.4,2.63,2,2,0.0,No,laptop,instagram,free,33,No,,n/a,0
L-02728,04-02-2026,21,1,Bachelors,2.2,2.44,1,1,,1,laptop,friend,free,15,yes,72.0,asked about certificate,1
L-02463,19-06-2026,19,Tier 2,High School,8.8,3.79,4,2,92.1,0,mobile,youtube,scholarship,1,Y,79.0,duplicate?  check,1
L-01313,2026-01-09,15,2,Diploma,6.4,4.6,4,0,45.0,N,desktop,friend,free,26,FALSE,,duplicate?  check,0
L-00922,2026-01-16,22,3,Bachelors,2.4,3.21,4,3,40.2,no,MOBILE,youtube,paid,18,No,,,0
L-02061,2026-03-18,24,2,High School,7.4,2.32,3,1,0.0,Y,mobile,school_partner,free,30,N,,called on phone,0
L-02488,23/03/2026,24,2,High School,8.7,3.28,4,2,51.9,TRUE,laptop,instagram,scholarship,12,yes,73.7,asked about certificate,1
L-02423,2026-03-15,25,1,HS,8.6,4.21,8,0,99.3,yes,tablet,instagram,scholarship,6,yes,71.5,called on phone,1
L-00398,27-05-2026,21,1,Diploma,,5.73,4,1,61.1,1,laptop,school_partner,scholarship,5,Y,68.5,,1
L-02542,13/06/2026,28,tier-2,Other,,1.72,6,3,35.0,1,laptop,friend,paid,43,N,,,0
L-01234,2026-05-18,26,3,diploma,1.6,5.1,6,4,76.2,FALSE,mobile,ngo_outreach,scholarship,10,Y,76.2,n/a,1
L-02011,2026-05-04,21,3,High School,9.4,4.68,8,10,89.0,N,mobile,friend,free,7,yes,81.9,,1
L-01476,2026-03-20,18,T2,Bachelors,5.9,0.83,6,3,55.7,no,mobile,instagram,free,11,Yes,89.7,follow up next intake,1
L-01721,2026-03-27,300,2,Masters,12.3,1.62,4,2,78.0,1,mobile,youtube,scholarship,25,1,61.9,duplicate?  check,1
L-00843,16/02/2026,,1,bachelors,10.4,3.66,6,2,41.9,Yes,desktop,instagram,free,23,Yes,79.3,,1
L-01712,2026-02-13,20,1,Diploma,10.3,3.16,2,3,48.7,Yes,MOBILE,instagram,scholarship,13,Yes,75.8,,1
L-01597,23-02-2026,24,3,Bachelors,8.5,5.08,3,3,26.6,0,desktop,instagram,paid,22,0,39.7,,0
L-00386,2026-05-19,15,1,High School,5.9,2.83,8,1,36.1,FALSE,mobile,friend,free,24,yes,84.7,duplicate?  check,1
L-00616,19/03/2026,0,2,Other,4.7,3.69,2,1,44.8,FALSE,laptop,instagram,paid,2,TRUE,79.1,,1
L-00807,17/01/2026,26,1,High-School,7.4,2.12,4,7,76.1,TRUE,laptop,youtube,scholarship,6,Y,50.5,,1
L-00323,2026-06-14,21,3,Bachelors,11.8,0.24,5,6,54.1,FALSE,mobile,school_partner,free,22,FALSE,,,0
L-02757,2026-01-20,21,2,Bachelors,2.0,1.89,2,5,56.5,Yes,mobile,friend,paid,36,Yes,63.5,,1
L-00147,2026-01-20,17,tier-3,Diploma,8.4,1.73,0,3,2.6,1,Laptop,youtube,paid,32,FALSE,,called on phone,0
L-01978,27-04-2026,19,2,,8.9,4.31,5,8,47.5,N,desktop,instagram,free,40,0,,duplicate?  check,0
L-00020,2026-06-26,23,T2,High School,10.5,2.24,4,0,33.4,Yes,mobile,ngo_outreach,scholarship,43,no,,follow up next intake,0
L-00475,26-05-2026,24,2,Bachelors,9.2,3.38,5,8,50.0,FALSE,Mobile,friend,scholarship,4,Yes,65.8,-,1
L-00515,2026-05-05,20,3,bachelor degree,6.0,5.45,3,4,33.4,no,laptop,instagram,scholarship,20,No,35.4,duplicate?  check,0
L-00125,2026-05-16,18,3,High School,6.1,4.51,6,2,99.9,Yes,Laptop,ngo_outreach,free,0,yes,74.9,,1
L-00056,2026-05-13,22,1,Other,9.7,0.5,3,1,10.8,TRUE,laptop,school_partner,scholarship,20,No,,,0
L-01733,04/04/2026,21,3,Diploma,10.2,4.65,5,3,57.5,No,mobile,youtube,free,11,0,39.8,-,0
L-00836,2026-05-14,17,1,B.Tech,9.8,4.01,6,5,45.1,no,Desktop,instagram,paid,20,yes,68.4,,1
L-00262,2026-01-21,18,T1,B.Tech,9.2,4.24,7,6,77.7,TRUE,Desktop,instagram,free,7,Yes,78.0,,1
L-02283,2026-05-16,26,2,Bachelors,9.8,1.91,0,1,,Y,mobile,friend,free,28,No,51.6,asked about certificate,0
L-01254,2026-01-04,21,1,,7.2,2.37,0,1,44.6,0,mobile,school_partner,scholarship,36,0,34.7,,0
L-02659,2026-01-28,25,3,Diploma,3.1,2.87,0,3,83.3,N,mobile,school_partner,scholarship,3,FALSE,,asked about certificate,0
L-01104,2026-04-10,25,1,B.Tech,2.1,1.4,3,1,49.0,No,Mobile,school_partner,scholarship,19,No,,,0
L-00819,2026-02-27,20,Tier 2,other,9.7,5.34,8,0,44.1,FALSE,laptop,friend,free,14,No,,asked about certificate,0
L-01638,2026-02-21,21,3,Bachelors,7.6,3.74,3,2,28.1,N,laptop,friend,scholarship,3,FALSE,,,0
L-02770,11/02/2026,23,3,diploma,7.2,3.6,4,5,100.0,no,mobile,instagram,free,26,N,,follow up next intake,0
L-01427,2026-04-06,19,3,B.Tech,3.1,4.75,8,8,63.0,N,MOBILE,youtube,scholarship,7,Yes,81.1,n/a,1
L-02619,2026-05-27,,1,B.Tech,9.4,4.82,6,2,53.0,N,desktop,school_partner,paid,14,1,72.7,asked about certificate,1
L-00468,2026-03-23,24,1,Diploma,7.5,1.95,8,4,72.2,1,mobile,instagram,scholarship,21,FALSE,,requested extension,0
L-02768,15/04/2026,26,3,bachelor degree,4.6,1.94,1,5,66.7,no,mobile,school_partner,free,22,N,,requested extension,0
L-01759,2026-06-28,15,2,High School,10.4,2.74,7,10,67.6,N,laptop,school_partner,free,10,no,,,0
L-02336,2026-01-19,19,2,bachelors,5.7,3.86,3,4,39.1,FALSE,desktop,youtube,free,29,yes,94.8,follow up next intake,1
L-02743,07-06-2026,25,tier-1,Bachelors,14.4,3.67,5,5,70.1,No,notebook,youtube,paid,18,1,78.9,-,1
L-01950,2026-01-07,25,1,High School,5.7,1.05,6,3,20.7,no,mobile,ngo_outreach,paid,21,1,72.8,-,1
L-00647,2026-05-19,23,3,HS,2.0,1.42,1,5,26.8,N,desktop,school_partner,free,29,FALSE,,-,0
L-00204,2026-04-04,16,2,bachelor degree,3.3,3.23,4,2,17.5,no,laptop,school_partner,scholarship,29,TRUE,76.3,,1
L-00986,15/06/2026,24,3,Bachelors,,0.56,0,5,31.7,1,Desktop,friend,paid,36,FALSE,,follow up next intake,0
L-01378,2026-02-22,25,2,Master's,2.8,,4,3,0.0,N,mobile,instagram,paid,14,1,78.9,,1
L-00749,2026-06-13,17,2,Bachelors,8.5,1.96,1,0,22.8,Yes,PC,school_partner,paid,44,N,,requested extension,0
L-01479,2026-04-06,22,3,High School,10.2,5.12,7,0,56.7,No,laptop,other,paid,0,yes,67.1,called on phone,1
L-02207,2026-04-26,21,Tier 2,Bachelors,10.0,0.0,4,0,4.1,FALSE,phone,youtube,free,35,0,,,0
L-01866,2026-03-08,,1,High School,5.0,4.51,0,1,30.3,yes,mobile,instagram,paid,11,1,74.1,duplicate?  check,1
L-01739,27/01/2026,21,3,Diploma,3.5,3.24,3,6,51.2,FALSE,phone,instagram,free,18,No,,n/a,0
L-01439,2026-06-28,,1,DIPLOMA,5.1,1.66,3,2,66.7,0,tablet,instagram,scholarship,18,Yes,79.9,follow up next intake,1
L-00263,2026-04-11,27,1,Masters,1.0,3.39,4,2,53.7,1,phone,youtube,free,21,Yes,80.3,,1
L-02052,09-03-2026,20,3,highschool,6.1,2.87,2,5,54.2,0,mobile,friend,free,21,0,,duplicate?  check,0
L-01606,2026-04-16,24,Tier 1,bachelors,9.4,3.22,5,5,51.4,,mobile,school_partner,free,18,N,66.2,asked about certificate,1
L-01861,2026-03-25,20,3,Bachelors,6.5,2.95,6,0,68.3,FALSE,mobile,friend,paid,6,Y,82.3,duplicate?  check,1
L-00090,2026-05-20,300,2,High School,,4.19,5,5,46.4,0,mobile,instagram,scholarship,6,Y,76.2,,1
L-02211,23/02/2026,25,3,Bachelors,3.5,2.4,4,0,15.5,Yes,laptop,school_partner,scholarship,11,TRUE,87.1,,1
L-01252,05-03-2026,26,1,Masters,10.1,2.76,5,4,74.7,0,mobile,school_partner,free,10,FALSE,,duplicate?  check,0
L-01105,2026-02-18,20,2,Bachelors,4.2,2.77,9,0,86.6,N,phone,school_partner,free,19,TRUE,83.8,,1
L-01173,27-02-2026,23,,diploma,6.0,1.4,0,1,31.2,TRUE,laptop,instagram,scholarship,17,No,,asked about certificate,0
L-00443,2026-01-28,17,2,,2.8,4.39,1,1,60.9,no,mobile,youtube,paid,22,FALSE,,asked about certificate,0
L-00503,2026-06-07,-3,T1,High School,7.2,6.34,9,1,76.3,no,mobile,ngo_outreach,paid,19,1,82.2,asked about certificate,1
L-01411,20-03-2026,28,T2,Diploma,5.0,4.81,5,0,73.1,0,desktop,ngo_outreach,free,37,yes,78.4,n/a,1
L-00146,28/04/2026,17,2,bachelors,3.4,0.58,5,6,34.9,yes,mobile,school_partner,free,5,0,,follow up next intake,0
L-02192,02-05-2026,22,3,Master's,12.5,1.0,4,1,16.9,Yes,mobile,youtube,free,0,FALSE,,asked about certificate,0
L-00706,23-02-2026,20,1,highschool,5.2,2.52,9,3,73.5,Y,mobile,instagram,scholarship,7,Y,74.2,called on phone,1
L-02250,2026-05-02,21,3,High School,5.2,3.54,4,2,25.8,Y,Laptop,friend,paid,3,TRUE,78.3,duplicate?  check,1
L-02503,11/06/2026,22,2,Masters,3.6,3.16,0,6,51.9,FALSE,mobile,youtube,free,45,FALSE,,,0
L-01128,14-02-2026,300,Tier 3,Masters,8.0,3.42,4,3,81.1,No,laptop,school_partner,free,2,1,63.7,,1
L-01434,2026-03-25,20,2,High School,7.7,2.71,5,1,47.2,FALSE,mobile,instagram,paid,19,no,,,0
L-01854,2026-01-02,17,3,High School,4.8,1.5,2,5,39.9,1,mobile,youtube,scholarship,16,Y,87.8,,1
L-01243,2026-02-06,22,Tier 1,Diploma,9.0,2.12,2,4,64.2,No,laptop,instagram,paid,23,No,,,0
L-02096,2026-02-19,19,2,Bachelors,3.1,1.4,1,0,,no,PC,instagram,paid,21,yes,,follow up next intake,0
L-01647,2026-02-17,19,2,Diploma,4.4,5.21,2,2,5.4,Y,mobile,friend,scholarship,17,0,,,0
L-00769,02-04-2026,26,1,Bachelors,8.6,2.72,4,2,49.1,0,tablet,school_partner,scholarship,2,yes,88.5,asked about certificate,1
L-00797,2026-03-01,26,,High School,8.4,2.35,2,4,29.1,no,mobile,youtube,free,30,0,,,0
L-00556,2026-01-02,21,Tier 2,High School,5.2,4.76,0,1,24.0,1,mobile,school_partner,free,11,no,,,0
L-00453,13/02/2026,,3,High School,12.9,4.93,7,2,70.3,No,mobile,youtube,paid,2,1,81.6,,1
L-00558,19/04/2026,22,1,bachelor degree,8.3,4.66,8,9,93.4,1,mobile,school_partner,free,20,no,,requested extension,0
L-01926,2026-04-07,28,2,Bachelors,9.8,4.43,2,2,50.0,Yes,Mobile,friend,free,8,0,,,0
L-02083,2026-05-18,28,Tier 3,Bachelors,6.7,2.04,4,3,70.4,N,mobile,youtube,free,26,FALSE,,-,0
L-02600,2026-01-27,26,3,Bachelors,5.5,4.71,4,4,42.6,FALSE,desktop,youtube,scholarship,4,FALSE,,,0
L-02637,02-04-2026,21,3,Bachelors,1.0,0.07,0,1,0.0,,mobile,friend,paid,26,FALSE,,requested extension,0
L-00789,07/02/2026,27,3,Diploma,11.9,1.99,4,1,,No,Tablet,ngo_outreach,scholarship,20,yes,100,called on phone,1
L-01251,04/02/2026,24,1,Diploma,1.5,0.65,3,4,70.3,1,mobile,instagram,paid,19,N,,called on phone,0
L-01843,2026-02-15,21,2,Bachelors,8.1,2.45,4,8,26.8,no,mobile,school_partner,free,5,N,,,0
L-01404,2026-02-18,16,1,,11.9,5.22,6,4,23.6,No,desktop,instagram,free,10,no,37.8,-,0
L-01112,06/03/2026,22,3,high school,5.1,1.21,6,4,48.3,1,mobile,ngo_outreach,paid,26,0,,,0
L-02597,2026-02-22,15,2,diploma,11.5,,4,3,,Yes,laptop,ngo_outreach,scholarship,3,Yes,90.9,,1
L-01836,2026-02-04,24,1,Bachelors,9.3,5.04,10,6,72.6,1,mobile,friend,paid,12,yes,83.7,,1
L-01996,2026-05-19,25,1,Bachelors,12.0,1.67,0,3,43.2,1,desktop,instagram,free,20,no,,asked about certificate,0
L-01555,2026-06-14,24,1,High School,1.7,0.0,1,4,23.2,No,MOBILE,youtube,free,42,0,,,0
L-01210,2026-06-26,28,T2,bachelors,3.2,2.73,1,0,30.1,no,mobile,instagram,scholarship,43,no,,,0
L-02153,2026-06-17,19,1,,5.1,2.62,3,1,49.2,no,notebook,friend,free,7,1,75.7,-,1
L-02421,2026-03-23,26,1,Masters,6.1,2.42,6,2,42.5,1,mobile,instagram,paid,21,FALSE,,,0
L-00259,25/02/2026,28,2,Bachelors,6.0,1.61,4,2,16.9,TRUE,phone,instagram,free,34,N,61.3,-,0
L-00041,2026-01-09,19,1,High School,4.6,2.74,1,4,34.3,No,mobile,instagram,scholarship,16,N,,,0
L-02310,2026-04-25,23,2,highschool,5.2,3.16,8,7,63.7,FALSE,laptop,ngo_outreach,paid,30,yes,79.7,requested extension,1
L-00852,2026-03-04,21,3,High School,1.5,0.43,3,3,46.4,0,laptop,instagram,free,23,0,23.9,n/a,0
L-00567,2026-02-21,15,2,Masters,3.0,4.26,4,4,105.7,yes,mobile,ngo_outreach,paid,13,yes,,,0
L-02242,2026-03-12,,2,Diploma,12.0,4.18,4,2,37.2,TRUE,Mobile,instagram,scholarship,26,TRUE,81.2,,1
L-00645,2026-06-06,26,1,Bachelors,,2.25,2,1,23.7,no,Tablet,friend,free,17,FALSE,,requested extension,0
L-01614,2026-05-19,18,,DIPLOMA,5.1,3.57,0,7,40.8,FALSE,mobile,instagram,scholarship,17,FALSE,,called on phone,0
L-00555,04-05-2026,27,,diploma,4.4,4.35,8,5,69.5,No,mobile,youtube,paid,3,TRUE,65.1,,1
L-00628,2026-03-20,20,3,Diploma,9.4,3.23,5,1,46.5,0,notebook,instagram,scholarship,2,0,,duplicate?  check,0
L-01467,27-05-2026,28,Tier 2,Bachelors,13.6,2.89,6,1,63.5,N,Mobile,ngo_outreach,free,3,TRUE,66.3,requested extension,
L-00348,2026-03-02,22,2,Bachelors,5.9,3.42,4,6,78.8,N,desktop,friend,free,4,TRUE,85.6,duplicate?  check,1
L-02317,01-05-2026,23,2,Bachelors,7.5,6.0,5,4,53.5,Yes,Laptop,instagram,free,23,TRUE,68.0,requested extension,1
L-01006,2026-04-22,20,3,High School,11.6,3.16,3,3,69.0,TRUE,laptop,friend,scholarship,27,0,,called on phone,0
L-02036,2026-06-26,,1,Bachelors,1.0,4.52,5,3,101.9,no,tablet,school_partner,paid,20,no,43.2,,0
L-01239,2026-02-22,17,1,Masters,11.8,3.45,4,4,92.7,N,MOBILE,school_partner,free,2,N,,-,0
L-00759,04-06-2026,18,1,Bachelors,,0.35,0,4,34.1,FALSE,mobile,instagram,scholarship,37,FALSE,,asked about certificate,0
L-02058,2026-03-17,24,2,Bachelor's,1.0,1.73,0,1,19.2,no,Mobile,instagram,free,29,FALSE,,asked about certificate,0
L-02379,2026-06-07,26,1,M.Sc,1.0,1.24,0,1,0.0,1,mobile,friend,scholarship,19,0,,,0
L-01090,2026-01-06,19,T2,Diploma,2.0,1.39,4,4,21.7,FALSE,mobile,youtube,scholarship,10,0,,follow up next intake,0
L-00068,12-03-2026,22,1,Bachelor's,5.0,4.05,9,6,91.7,N,tablet,youtube,scholarship,14,Y,83.3,follow up next intake,1
L-01276,2026-03-25,0,2,High School,,2.02,2,2,38.2,No,tablet,friend,free,23,FALSE,,duplicate?  check,0
L-01492,2026-01-02,19,1,Masters,3.7,3.96,6,2,26.2,0,laptop,instagram,scholarship,38,TRUE,71.7,follow up next intake,1
L-01837,24-03-2026,29,1,High School,2.4,4.09,4,3,1.1,Yes,laptop,youtube,scholarship,14,N,,called on phone,0
L-02777,2026-04-07,17,1,Diploma,7.2,2.23,6,3,26.2,N,laptop,youtube,paid,9,TRUE,92.4,n/a,1
L-00417,25/05/2026,,3,Diploma,7.2,2.26,0,3,22.3,0,mobile,friend,paid,40,FALSE,,,0
L-01363,2026-04-25,24,3,Diploma,1.0,0.0,0,4,4.3,,mobile,youtube,free,57,FALSE,,,0
L-01243,2026-02-06,22,Tier 1,Diploma,9.0,2.12,2,4,64.2,No,laptop,instagram,paid,23,No,,,0
L-00569,2026-05-08,20,2,Other,10.9,0.58,7,2,68.0,Yes,mobile,instagram,paid,27,Y,81.7,,1
L-00008,2026-02-01,17,1,Masters,6.3,6.1,8,1,59.4,yes,mobile,ngo_outreach,scholarship,25,TRUE,76.8,asked about certificate,1
L-01862,2026-05-06,25,3,Bachelors,7.1,2.06,1,0,,no,phone,school_partner,scholarship,45,FALSE,,,0
L-00742,2026-06-18,25,3,Diploma,9.1,0.73,5,2,42.8,N,mobile,friend,free,22,N,,n/a,0
L-00231,2026-04-27,15,2,,6.7,3.61,4,2,56.5,TRUE,Mobile,youtube,scholarship,31,0,,,0
L-00292,2026-03-18,16,2,,8.4,2.81,0,1,33.9,no,Laptop,youtube,paid,24,No,,requested extension,0
L-00124,2026-06-03,21,2,Diploma,3.8,2.06,1,0,64.9,Y,mobile,instagram,free,11,No,,called on phone,0
L-02612,2026-05-14,21,1,DIPLOMA,7.5,4.22,3,1,39.2,yes,tablet,ngo_outreach,free,14,N,,asked about certificate,0
L-00995,2026-04-01,21,tier-1,High School,5.8,3.92,3,3,71.3,TRUE,Tablet,instagram,scholarship,6,FALSE,,,0
L-00599,2026-01-23,,Tier 1,Bachelors,9.6,3.89,6,4,64.7,N,MOBILE,ngo_outreach,scholarship,25,TRUE,64.3,duplicate?  check,1
L-00597,2026-06-14,24,2,Diploma,6.5,1.33,0,3,56.4,Y,laptop,instagram,free,14,FALSE,,n/a,0
L-00060,2026-01-12,21,tier-1,Diploma,8.2,2.15,4,2,32.9,no,desktop,school_partner,paid,34,FALSE,45.0,,0
L-00881,15-06-2026,18,2,Bachelors,1.9,0.37,2,4,0.4,no,laptop,instagram,scholarship,28,FALSE,,,0
L-02449,01-01-2026,26,tier-1,Bachelors,6.7,1.68,1,4,66.7,Yes,phone,instagram,scholarship,26,No,,,0
L-01649,05/02/2026,28,1,bachelors,10.6,4.21,4,2,57.0,TRUE,laptop,friend,free,5,no,,requested extension,0
L-01769,09-06-2026,26,2,DIPLOMA,6.4,3.4,8,3,64.2,No,mobile,friend,scholarship,27,1,83.5,,1
L-00961,2026-04-16,16,tier-2,High School,12.0,3.84,4,4,36.0,Yes,phone,instagram,scholarship,42,Y,61.6,asked about certificate,1
L-02668,06-04-2026,25,2,Diploma,9.7,4.44,3,0,69.0,FALSE,laptop,other,free,8,Yes,78.2,,1
L-01939,2026-06-25,15,tier-1,,4.4,,8,7,39.4,No,laptop,instagram,free,9,No,,duplicate?  check,0
L-01567,2026-06-23,21,1,Masters,5.3,1.03,4,5,59.3,yes,PC,instagram,scholarship,21,Yes,77.1,n/a,1
L-00217,2026-03-26,20,1,M.Sc,11.6,2.73,0,1,25.6,FALSE,laptop,other,free,19,N,,,0
L-00642,2026-02-12,16,,Bachelors,3.0,2.1,4,5,16.8,Y,laptop,instagram,scholarship,42,No,50.7,duplicate?  check,0
L-02103,2026-06-18,21,3,diploma,5.0,2.63,3,0,46.3,1,laptop,instagram,free,11,N,,called on phone,0
L-02453,2026-02-12,21,3,Bachelors,5.6,2.06,0,2,54.2,TRUE,phone,school_partner,free,24,N,,,0
L-02066,16/03/2026,20,1,Other,7.6,3.39,2,1,32.1,N,Tablet,school_partner,scholarship,23,0,,,0
L-02499,2026-06-09,17,1,Other,8.7,4.76,4,5,61.1,FALSE,mobile,instagram,paid,4,1,82.5,duplicate?  check,1
L-00576,08-04-2026,16,3,Master's,3.6,2.32,1,0,38.1,FALSE,laptop,school_partner,free,32,N,,,0
L-01399,15/03/2026,27,2,High School,6.4,,0,3,18.9,N,Mobile,school_partner,free,19,N,,follow up next intake,0
L-02298,2026-01-19,23,1,Diploma,8.5,3.69,2,0,50.7,No,laptop,friend,paid,4,yes,82.9,,1
L-01424,2026-03-26,28,1,Bachelors,8.2,2.78,4,3,66.2,TRUE,Laptop,friend,scholarship,22,0,52.2,,0
L-00404,2026-05-06,,3,Other,9.4,3.89,3,2,80.5,0,mobile,instagram,scholarship,3,1,83.3,asked about certificate,1
L-00436,2026-06-16,16,1,Bachelors,,0.0,4,4,42.2,Yes,laptop,youtube,scholarship,4,0,,,0
L-01751,2026-02-15,20,2,Bachelors,3.9,1.65,0,1,0.0,No,notebook,youtube,paid,31,0,,called on phone,0
L-02365,2026-02-09,20,1,High School,1.0,1.86,2,0,37.8,no,tablet,school_partner,free,20,N,53.9,follow up next intake,0
L-00548,2026-06-24,23,T2,Other,4.3,2.95,6,3,71.9,0,mobile,instagram,free,3,yes,80.4,asked about certificate,1
L-00719,24-04-2026,21,1,Other,6.4,4.56,5,12,60.0,No,mobile,instagram,scholarship,7,No,,requested extension,0
L-00062,2026-04-24,15,2,Other,8.0,3.61,2,5,37.7,No,mobile,instagram,scholarship,21,FALSE,,duplicate?  check,0
L-01816,2026-06-13,19,2,Bachelors,5.3,2.69,4,4,45.4,0,Laptop,youtube,free,8,TRUE,87.3,,1
L-02052,09-03-2026,20,3,highschool,6.1,2.87,2,5,54.2,0,mobile,friend,free,21,0,,duplicate?  check,0
L-00886,2026-05-07,16,Tier 2,Masters,8.2,0.63,2,2,22.2,N,mobile,instagram,free,32,FALSE,,n/a,0
L-02079,27/04/2026,24,2,Other,13.4,4.31,7,3,,N,desktop,ngo_outreach,paid,12,N,,requested extension,0
L-01317,20/05/2026,20,2,Bachelors,8.3,4.4,5,3,72.6,1,laptop,school_partner,free,3,Y,80.3,,1
L-01275,12-02-2026,23,1,High-School,6.7,2.7,1,5,81.1,FALSE,tablet,instagram,free,16,FALSE,,requested extension,0
L-00128,2026-03-24,22,2,Diploma,10.9,2.78,3,4,,0,desktop,friend,paid,7,No,,n/a,0
L-00053,2026-04-24,15,1,Diploma,6.6,1.7,0,2,115.2,no,phone,school_partner,free,28,0,,,0
L-00910,2026-05-09,20,2,Other,9.8,5.21,6,3,54.7,yes,mobile,instagram,free,3,TRUE,61.1,n/a,1
L-01256,2026-01-01,15,2,Bachelor's,6.0,2.11,4,6,17.8,1,laptop,school_partner,scholarship,28,1,81.8,,1
L-00587,2026-05-21,26,1,,4.8,3.17,4,1,41.0,No,mobile,instagram,free,15,no,,n/a,0
L-01723,2026-03-01,25,1,High School,5.7,4.52,3,1,40.1,no,laptop,instagram,free,17,N,,duplicate?  check,0
L-00664,18-06-2026,19,2,Bachelors,9.7,3.38,6,1,88.2,Yes,laptop,school_partner,scholarship,17,TRUE,94.9,duplicate?  check,1
L-02559,07-02-2026,20,1,B.Tech,6.7,3.11,2,3,50.7,FALSE,mobile,instagram,free,24,FALSE,,,0
L-02656,16-04-2026,20,2,Masters,2.4,1.89,0,1,70.9,FALSE,mobile,youtube,free,21,No,,,0
L-01060,20/01/2026,15,tier-3,High School,9.5,2.48,7,7,24.0,FALSE,mobile,friend,free,23,FALSE,,n/a,0
L-00561,05-05-2026,25,1,Diploma,7.8,0.0,0,1,24.1,yes,laptop,school_partner,free,43,N,,,0
L-00432,2026-05-09,21,1,highschool,2.8,0.41,3,0,65.0,TRUE,MOBILE,friend,free,17,0,,,0
L-01881,2026-01-17,22,tier-3,Diploma,10.0,5.64,8,6,48.9,1,mobile,ngo_outreach,free,14,yes,86.6,follow up next intake,1
L-01114,2026-06-27,,2,HS,5.3,4.28,3,5,29.1,no,mobile,ngo_outreach,free,13,0,,-,0
L-01920,2026-06-20,23,T3,High School,6.6,2.37,4,1,36.9,0,laptop,other,free,2,no,,,0
L-01425,2026-01-24,22,3,High School,7.2,,2,2,0.0,0,mobile,friend,paid,46,0,58.8,,0
L-01327,2026-03-09,,2,Bachelors,5.4,3.14,5,2,11.8,Yes,laptop,instagram,scholarship,7,No,34.9,requested extension,0
L-01907,10-03-2026,17,2,Bachelors,7.7,3.96,1,0,2.9,no,mobile,ngo_outreach,paid,12,FALSE,,duplicate?  check,0
L-01706,2026-02-03,16,3,diploma,6.9,4.64,3,3,34.3,Yes,tablet,youtube,free,8,No,,asked about certificate,0
L-02451,22/04/2026,15,1,,8.6,1.8,3,0,50.0,Y,mobile,ngo_outreach,paid,4,No,51.4,duplicate?  check,0
L-00342,2026-01-20,20,3,Diploma,6.3,3.23,4,0,15.7,0,Mobile,instagram,free,13,no,,,0
L-01876,20-03-2026,27,3,HS,8.3,2.85,5,2,66.8,No,laptop,other,scholarship,26,No,38.1,called on phone,0
L-00701,2026-02-04,17,3,Bachelor's,6.2,0.48,0,5,102.0,N,Mobile,friend,free,18,No,,called on phone,0
L-00883,2026-06-08,24,1,Masters,6.6,2.79,6,2,52.0,FALSE,laptop,school_partner,scholarship,25,N,,,0
L-02164,2026-05-11,23,1,Bachelors,16.2,4.79,7,1,29.4,0,mobile,youtube,scholarship,5,Yes,79.1,-,1
L-01561,2026-01-17,16,1,highschool,2.6,0.22,2,3,26.5,yes,laptop,youtube,scholarship,5,N,,called on phone,0
L-01556,2026-04-10,28,,High School,11.1,0.4,1,1,68.0,TRUE,MOBILE,school_partner,free,20,N,,,0
L-01925,2026-05-20,19,3,Bachelors,6.4,2.69,3,11,74.0,No,mobile,youtube,free,10,N,,follow up next intake,0
L-02496,2026-02-28,15,,High School,11.6,1.33,0,3,12.0,FALSE,laptop,ngo_outreach,scholarship,33,0,,requested extension,0
L-00178,2026-01-15,25,1,Bachelors,5.8,3.86,2,4,,no,laptop,youtube,scholarship,2,no,,asked about certificate,0
L-01753,2026-02-20,22,1,Bachelors,7.1,1.61,1,2,112.8,Y,laptop,school_partner,free,24,FALSE,,asked about certificate,0
L-00679,23/06/2026,23,2,High School,6.4,2.9,6,5,44.6,N,PC,ngo_outreach,free,18,N,,-,0
L-01443,17-05-2026,15,3,Bachelors,7.6,2.98,5,3,44.9,0,laptop,youtube,scholarship,10,yes,75.8,requested extension,1
L-02334,2026-04-17,15,2,Diploma,9.4,3.36,3,10,5.8,yes,Mobile,youtube,free,37,0,38.8,,0
L-00857,2026-05-22,36,tier-2,Bachelors,6.1,0.0,0,5,0.0,TRUE,laptop,youtube,free,25,1,,-,0
L-00449,2026-01-20,24,T1,Diploma,3.0,4.24,7,4,,FALSE,laptop,instagram,free,14,Yes,80.4,duplicate?  check,1
L-01974,2026-04-02,,2,Bachelors,9.9,3.62,0,2,0.3,No,mobile,instagram,paid,2,no,36.6,,0
L-01653,18-05-2026,22,tier-1,diploma,,4.47,7,2,40.2,N,desktop,instagram,scholarship,36,No,,n/a,0
L-01997,2026-04-28,25,3,High School,6.7,5.3,5,2,37.1,0,mobile,friend,free,26,0,53.6,called on phone,0
L-01262,2026-02-17,,2,Bachelors,13.7,4.93,4,4,80.0,N,laptop,youtube,scholarship,23,No,,,0
L-01618,07/01/2026,27,1,Bachelors,6.0,4.67,6,8,41.0,no,Laptop,instagram,free,2,Yes,69.8,follow up next intake,1
L-01030,14-04-2026,20,1,High School,12.3,6.42,7,7,22.7,Yes,mobile,other,scholarship,21,FALSE,,,0
L-00049,2026-06-15,25,2,diploma,5.2,3.46,3,5,,,mobile,friend,free,12,TRUE,74.8,called on phone,1
L-00953,2026-01-09,22,2,bachelor degree,7.6,3.66,2,5,71.5,No,mobile,youtube,scholarship,5,N,60.3,,0
L-00666,2026-04-16,,2,High School,7.4,6.17,2,4,73.8,1,mobile,school_partner,scholarship,16,yes,79.2,n/a,1
L-00959,2026-02-15,15,2,Bachelors,9.2,0.07,4,1,36.4,no,mobile,school_partner,free,23,no,,,0
L-02724,02-01-2026,19,3,Diploma,9.8,3.6,5,4,30.3,no,mobile,ngo_outreach,scholarship,21,no,,,0
L-00690,08/01/2026,26,2,High School,9.9,2.54,4,4,37.9,TRUE,mobile,school_partner,free,28,0,59.9,duplicate?  check,0
L-01942,2026-04-14,20,1,Bachelors,1.1,4.17,1,0,34.3,FALSE,desktop,instagram,scholarship,25,N,,follow up next intake,0
L-00868,28/04/2026,21,tier-3,Bachelors,5.2,1.93,4,4,30.0,Yes,laptop,instagram,scholarship,15,No,,called on phone,0
L-00096,2026-01-28,23,1,highschool,3.8,0.95,0,4,2.3,yes,laptop,youtube,paid,27,No,,,0
L-02067,19/02/2026,16,1,Bachelor's,6.6,3.22,4,4,80.3,No,PC,instagram,scholarship,30,No,,requested extension,0
L-01744,2026-06-14,15,2,Bachelors,7.6,0.63,5,5,25.8,1,PC,school_partner,free,19,no,32.3,,0
L-01107,2026-03-09,24,2,Diploma,,3.11,5,3,0.0,Yes,laptop,instagram,paid,33,No,,requested extension,0
L-00991,2026-02-14,24,2,DIPLOMA,,3.49,0,2,34.0,Yes,mobile,school_partner,free,10,No,,asked about certificate,0
L-01966,2026-03-20,23,1,High School,2.2,,9,10,74.8,No,tablet,school_partner,free,4,Yes,85.4,,1
L-01058,20-02-2026,26,1,High School,12.0,2.9,4,2,79.8,TRUE,laptop,ngo_outreach,free,24,FALSE,,,0
L-00941,2026-01-11,17,1,Bachelors,11.6,4.56,3,3,45.3,No,MOBILE,youtube,paid,7,No,,,0
L-00839,05/05/2026,29,1,Other,7.5,2.7,4,2,62.8,no,laptop,friend,free,14,1,75.2,asked about certificate,1
L-02125,13-01-2026,19,1,Bachelors,9.3,2.57,3,4,21.4,1,laptop,school_partner,paid,30,FALSE,,n/a,0
L-02755,2026-04-13,19,1,Bachelors,7.8,0.0,1,5,0.0,Yes,mobile,ngo_outreach,free,26,no,27.4,follow up next intake,0
L-01193,2026-03-18,20,2,Bachelors,3.0,3.21,0,3,29.0,no,mobile,school_partner,free,22,0,,,0
L-00659,2026-04-18,20,1,Bachelors,5.6,4.45,10,1,70.5,Y,Laptop,school_partner,free,19,TRUE,83.2,n/a,1
L-00518,2026-06-16,28,2,Bachelors,10.9,5.34,3,1,69.7,no,laptop,youtube,scholarship,11,TRUE,72.2,called on phone,1
L-02123,2026-03-21,26,Tier 1,Masters,5.6,4.07,2,3,41.6,Yes,mobile,ngo_outreach,free,19,No,,,0
L-02267,03/02/2026,15,2,High School,,4.84,0,1,39.1,0,mobile,other,scholarship,4,yes,82.9,-,1
L-00516,2026-01-18,15,tier-3,Diploma,11.4,4.63,6,2,53.4,FALSE,mobile,friend,scholarship,22,FALSE,,,
L-00510,2026-03-21,17,T2,Diploma,3.3,2.84,2,4,34.0,N,mobile,school_partner,scholarship,16,N,,duplicate?  check,0
L-01821,15-02-2026,,3,Bachelors,10.8,3.03,3,0,76.0,0,mobile,friend,free,6,N,44.7,-,0
L-00155,20/01/2026,19,Tier 2,unknown,8.1,5.39,10,8,97.5,0,Desktop,youtube,paid,20,yes,78.6,-,1
L-01453,2026-04-02,,,High School,7.1,2.19,0,3,25.0,No,PC,youtube,free,33,FALSE,,asked about certificate,0
L-02717,25-03-2026,19,2,Diploma,11.3,6.98,4,3,60.4,0,mobile,other,scholarship,2,FALSE,,,0
L-00697,2026-05-07,21,2,Diploma,17.2,3.72,0,9,78.8,No,laptop,friend,scholarship,36,No,,follow up next intake,0
L-00782,2026-01-16,15,T2,bachelors,13.1,3.94,4,2,56.1,no,mobile,instagram,free,34,N,,,0
L-01301,2026-04-10,26,1,Bachelors,11.6,2.94,3,2,30.7,no,tablet,friend,free,29,N,,,0
L-01282,13-03-2026,22,T1,Bachelors,6.4,2.18,4,3,8.6,yes,mobile,school_partner,scholarship,57,No,,,0
L-01474,2026-04-16,28,3,Masters,3.1,3.62,3,3,26.1,no,mobile,instagram,scholarship,6,N,,called on phone,0
L-02081,27/05/2026,15,T1,Bachelors,8.0,3.86,1,0,42.4,Yes,laptop,school_partner,paid,19,Y,82.3,duplicate?  check,1
L-02373,2026-05-27,27,2,Other,10.2,5.5,4,1,85.1,1,mobile,instagram,paid,3,1,67.8,called on phone,1
L-02273,2026-03-07,18,2,Bachelors,3.5,1.93,3,2,33.0,Y,laptop,friend,free,7,No,,duplicate?  check,0
L-00321,2026-06-04,18,3,Bachelors,13.2,4.37,6,2,55.7,TRUE,laptop,friend,free,16,No,,,0
L-02592,2026-06-28,26,2,High School,6.5,,7,7,51.4,no,Mobile,school_partner,scholarship,3,FALSE,,,0
L-00268,2026-02-22,16,2,Diploma,4.3,0.96,4,3,72.7,Y,desktop,school_partner,free,11,N,,,0
L-02333,05/01/2026,23,tier-2,Bachelors,10.3,3.41,4,4,56.1,N,mobile,instagram,paid,10,0,,duplicate?  check,0
L-00016,2026-03-14,19,Tier 1,Bachelors,4.3,3.85,6,1,99.3,FALSE,notebook,instagram,free,6,Y,74.1,,1
L-01754,12-01-2026,24,2,Diploma,7.7,0.49,3,4,10.3,,laptop,friend,paid,35,0,,duplicate?  check,0
L-00019,2026-01-18,15,1,Bachelors,8.1,4.57,6,5,47.7,0,Mobile,friend,free,26,FALSE,,,0
L-00396,2026-01-11,18,1,Other,4.9,0.0,1,5,12.0,FALSE,Mobile,school_partner,paid,24,no,,requested extension,0
L-00862,28-06-2026,15,2,highschool,3.2,5.41,2,1,45.9,FALSE,mobile,instagram,paid,5,Yes,72.0,duplicate?  check,1
L-01491,2026-02-03,20,2,Bachelors,5.4,5.09,3,1,65.4,FALSE,laptop,youtube,scholarship,18,Y,89.2,,1
L-01264,2026-02-25,-3,2,Bachelors,10.8,4.39,0,2,53.6,N,desktop,instagram,paid,40,No,,requested extension,0
L-01335,19-02-2026,16,2,HS,8.3,2.26,5,6,21.9,no,tablet,school_partner,free,12,0,,,0
L-02198,28/06/2026,17,Tier 2,Masters,6.4,0.0,4,2,8.6,no,laptop,school_partner,scholarship,27,1,,,0
L-02394,15-01-2026,22,2,High School,2.5,0.89,4,2,,0,laptop,instagram,free,20,N,,,0
L-01348,13/03/2026,23,T3,Bachelor's,9.7,4.23,4,2,42.0,0,Mobile,friend,scholarship,1,Y,83.6,,1
L-01137,2026-02-22,15,2,High School,8.8,2.89,2,4,26.5,TRUE,Mobile,youtube,scholarship,15,0,,asked about certificate,0
L-01815,2026-02-17,17,Tier 1,Diploma,5.5,,3,5,29.6,N,laptop,school_partner,scholarship,49,FALSE,,requested extension,0
L-00844,2026-04-21,15,Tier 2,High School,11.2,3.24,0,1,44.8,Y,laptop,school_partner,paid,4,Y,76.6,,1
L-01820,2026-04-01,25,3,Bachelors,8.8,0.0,3,4,33.4,no,laptop,youtube,free,19,no,,,0
L-00408,2026-01-28,19,2,High School,1.0,2.68,3,2,50.2,yes,mobile,youtube,scholarship,8,yes,86.4,duplicate?  check,1
L-01668,23-01-2026,,Tier 2,High School,4.6,,5,1,39.5,FALSE,mobile,school_partner,paid,2,Yes,96.4,,1
L-00148,09-05-2026,17,1,Masters,,4.59,6,1,37.8,yes,desktop,friend,free,6,Y,100,,1
L-02510,2026-04-02,15,1,high school,4.6,2.21,2,6,52.2,No,tablet,friend,free,5,FALSE,,duplicate?  check,0
L-01387,2026-01-21,19,2,,8.9,0.0,0,7,,No,mobile,instagram,free,14,FALSE,,called on phone,0
L-01473,2026-01-15,26,2,Bachelors,6.7,2.68,3,8,18.0,FALSE,mobile,instagram,free,11,0,,n/a,0
L-02130,08-06-2026,26,2,High School,7.6,4.33,3,7,67.3,0,notebook,other,paid,14,1,61.9,duplicate?  check,1
L-02738,12/03/2026,21,tier-1,Masters,3.6,5.79,7,2,80.6,No,desktop,other,scholarship,8,1,67.8,follow up next intake,1
L-02759,21/02/2026,20,2,Bachelors,6.9,4.48,4,1,36.2,yes,laptop,friend,free,32,FALSE,,,0
L-00380,2026-03-14,15,1,HS,14.5,4.63,7,9,82.1,N,MOBILE,ngo_outreach,scholarship,4,yes,80.7,follow up next intake,1
L-02057,2026-06-23,25,3,high school,2.8,0.27,1,5,34.6,,mobile,ngo_outreach,free,12,0,62,asked about certificate,0
L-01117,26-02-2026,26,2,High School,3.6,1.49,3,2,0.0,No,mobile,other,scholarship,35,1,59.6,follow up next intake,1
L-01388,2026-04-25,20,1,HS,4.8,2.61,1,0,12.3,FALSE,mobile,instagram,free,32,TRUE,62,,0
L-01174,21/05/2026,20,3,High School,2.7,5.51,6,0,61.1,0,mobile,school_partner,free,2,N,,,0
L-01340,2026-06-10,22,tier-3,highschool,7.4,3.94,5,2,42.3,TRUE,mobile,friend,paid,16,Y,85.3,,1
L-02010,2026-06-12,25,2,Masters,6.2,4.16,5,3,51.3,FALSE,laptop,instagram,scholarship,14,Y,78.3,-,1
L-02641,28-05-2026,19,3,Bachelors,9.4,2.83,4,1,37.9,Y,desktop,friend,scholarship,16,FALSE,39.4,called on phone,0
L-02535,2026-05-24,23,1,Other,6.3,2.95,3,1,55.5,N,mobile,friend,scholarship,7,TRUE,71.9,asked about certificate,1
L-02280,2026-03-01,,3,M.Sc,10.5,4.71,2,2,57.4,N,notebook,instagram,free,0,TRUE,68.5,,1
L-01956,2026-01-03,24,3,High School,3.1,4.84,3,2,63.3,1,phone,instagram,free,27,TRUE,79.1,asked about certificate,1
L-02625,21-03-2026,25,2,High School,8.6,0.0,0,7,58.3,Y,Mobile,friend,free,29,No,,called on phone,0
L-02706,24/06/2026,18,2,Bachelors,9.7,2.35,2,2,30.3,FALSE,mobile,instagram,scholarship,22,0,,,0
L-02218,2026-01-27,28,,High School,2.2,1.16,3,1,31.6,no,mobile,school_partner,free,24,no,,,0
L-02324,2026-04-19,20,2,Bachelors,8.7,6.53,9,13,73.8,yes,laptop,other,free,2,Yes,90.1,asked about certificate,1
L-02439,2026-06-18,21,1,High School,5.5,2.3,1,0,24.4,no,laptop,friend,free,43,no,,n/a,0
L-02545,2026-05-10,20,3,HS,4.2,1.61,7,1,81.6,1,laptop,school_partner,paid,4,yes,87.8,follow up next intake,1
L-01745,22-03-2026,20,2,High School,7.8,5.06,7,3,82.7,TRUE,mobile,instagram,free,24,N,,,0
L-00745,2026-03-18,15,1,Diploma,5.3,1.37,1,2,56.3,0,notebook,friend,paid,44,No,,-,0
L-01631,19/03/2026,22,3,Bachelors,5.8,,7,1,54.6,FALSE,mobile,instagram,paid,0,TRUE,70.1,follow up next intake,1
L-01250,2026-03-03,18,T1,High School,9.4,5.59,7,7,100.0,TRUE,laptop,school_partner,scholarship,1,Y,73.3,,1
L-02128,2026-05-18,15,1,High School,11.2,1.79,1,2,8.5,yes,mobile,school_partner,scholarship,29,FALSE,,follow up next intake,0
L-01120,2026-03-26,21,T3,High School,6.1,3.65,0,4,,N,Laptop,youtube,scholarship,16,N,,-,0
L-00694,2026-05-19,18,2,Other,8.1,2.44,5,2,37.0,N,Mobile,friend,paid,13,0,,follow up next intake,0
L-01236,24/03/2026,19,2,High School,5.5,0.72,4,2,87.0,FALSE,Mobile,youtube,free,11,N,,requested extension,0
L-00827,2026-03-22,22,1,High School,5.7,2.97,0,2,1.4,no,mobile,school_partner,paid,32,0,45.1,asked about certificate,0
L-02669,05-03-2026,15,1,Masters,5.2,3.43,5,2,39.0,0,mobile,instagram,free,2,0,,n/a,0
L-01237,27-06-2026,22,2,Masters,9.4,3.05,0,2,43.8,No,mobile,youtube,paid,17,no,47.3,,0
L-02029,2026-04-18,19,T2,Diploma,1.1,3.27,3,1,24.1,N,notebook,friend,free,45,FALSE,,follow up next intake,0
L-02432,2026-06-02,23,2,Bachelors,1.0,4.42,9,5,75.6,Yes,laptop,instagram,paid,7,TRUE,87.8,duplicate?  check,1
L-02769,2026-06-08,23,tier-1,Other,7.7,4.41,10,3,61.7,0,mobile,youtube,paid,8,Y,65.5,-,1
L-02490,2026-05-12,,2,bachelor degree,2.3,4.73,2,0,37.9,TRUE,mobile,ngo_outreach,free,20,no,,,0
L-02375,15-06-2026,23,2,High School,8.3,3.48,4,6,45.4,Y,laptop,other,free,12,FALSE,,n/a,0
L-00278,2026-03-09,25,1,High School,7.6,1.44,4,4,43.6,Yes,mobile,instagram,paid,30,N,,duplicate?  check,0
L-02245,2026-04-13,25,3,Bachelors,4.9,2.87,0,2,2.1,No,mobile,school_partner,paid,11,No,,,0
L-01449,2026-06-17,26,1,bachelor degree,13.5,2.62,1,1,61.4,TRUE,desktop,school_partner,scholarship,4,Yes,81.4,asked about certificate,1
L-02101,22-01-2026,21,1,bachelors,2.6,2.57,4,3,63.8,TRUE,notebook,ngo_outreach,paid,20,no,,,0
L-00137,2026-05-28,21,3,Diploma,8.1,3.85,3,4,29.2,FALSE,Mobile,school_partner,scholarship,39,no,,n/a,0
L-02387,2026-06-25,15,3,high school,3.9,2.85,3,2,39.0,1,MOBILE,instagram,scholarship,29,N,47.6,follow up next intake,0
L-01488,2026-02-19,21,tier-2,High School,10.1,5.61,5,4,39.5,no,MOBILE,instagram,scholarship,16,yes,72.1,,1
L-01698,2026-04-19,18,1,Bachelors,6.1,3.39,8,5,36.9,1,mobile,friend,paid,36,Yes,84.0,,1
L-00256,2026-03-15,23,2,High School,6.3,4.11,4,3,63.8,FALSE,laptop,friend,free,13,no,,,0
L-01835,2026-02-17,25,1,Masters,,3.32,7,5,59.7,No,mobile,school_partner,free,16,Yes,78.7,n/a,1
L-00048,21/04/2026,16,1,High School,7.8,4.65,7,6,,TRUE,desktop,friend,free,16,TRUE,21.1,,0
L-01617,2026-05-28,28,2,Bachelors,,0.4,0,10,1.8,no,mobile,youtube,free,43,no,,follow up next intake,0
L-00446,23-06-2026,,2,Bachelors,,3.31,6,8,81.9,No,mobile,ngo_outreach,scholarship,3,1,71.6,,1
L-02221,2026-02-28,22,tier-3,High School,3.0,3.41,2,0,44.2,0,mobile,school_partner,free,24,N,37.5,duplicate?  check,0
L-01172,2026-06-02,17,3,Other,1.0,4.81,9,5,60.7,FALSE,laptop,other,paid,2,yes,77.3,follow up next intake,1
L-00181,01/06/2026,21,2,Masters,11.3,3.56,6,2,65.3,No,mobile,other,free,24,0,,called on phone,0
L-01124,2026-03-04,22,3,Bachelors,4.3,2.59,2,0,33.7,no,Desktop,friend,paid,35,N,,,0
L-00962,2026-02-24,16,T2,Masters,8.9,4.6,9,0,79.6,no,mobile,school_partner,free,8,No,,duplicate?  check,0
L-02579,2026-06-13,17,2,,6.0,1.35,6,4,37.7,Y,phone,instagram,scholarship,26,Yes,69.9,-,1
L-00958,2026-04-02,20,2,Masters,10.3,2.59,4,4,3.6,No,desktop,instagram,free,38,N,,,0
L-01465,19/06/2026,20,3,Diploma,11.9,3.16,8,6,62.5,TRUE,laptop,friend,free,25,Yes,48.8,called on phone,1
L-00332,10-01-2026,23,3,High School,5.9,0.0,6,5,59.5,FALSE,laptop,friend,paid,12,FALSE,,,0
L-01369,2026-06-09,20,3,High School,10.5,2.98,3,2,48.1,0,laptop,school_partner,free,21,1,68.6,,1
L-01014,2026-05-27,17,tier-1,Bachelors,,4.0,3,2,44.7,N,mobile,youtube,paid,21,TRUE,81.7,,1
L-00823,2026-02-02,15,2,unknown,4.2,0.0,2,5,0.0,no,tablet,youtube,paid,34,no,,,0
L-00459,2026-04-08,,1,Diploma,3.7,2.58,1,1,20.4,Y,laptop,instagram,scholarship,34,FALSE,,,0
L-01428,2026-01-24,22,2,Bachelors,8.7,3.23,3,1,3.5,No,mobile,school_partner,free,31,no,,,0
L-00672,2026-01-26,16,3,High School,10.5,4.55,6,4,13.9,FALSE,mobile,instagram,paid,2,0,34.6,n/a,0
L-00501,01/05/2026,23,,Masters,13.6,5.56,5,4,32.6,No,desktop,instagram,free,40,No,,asked about certificate,0
L-00684,2026-02-08,21,2,Bachelors,1.0,2.61,3,1,46.5,0,mobile,ngo_outreach,free,26,FALSE,,,0
L-02355,2026-04-16,18,1,Bachelors,1.9,1.39,5,0,50.2,1,desktop,friend,free,16,1,78.2,,1
L-02647,2026-03-04,22,Tier 3,Bachelors,1.0,5.62,6,6,62.7,,Mobile,instagram,free,16,1,74.3,,1
L-01440,2026-05-05,17,1,Bachelor's,4.6,3.97,4,7,44.0,0,mobile,school_partner,free,46,0,,n/a,0
L-02179,06-03-2026,20,1,Diploma,4.5,1.22,5,2,65.2,No,Desktop,school_partner,paid,35,N,,requested extension,0
L-00800,2026-04-22,20,T3,Bachelors,11.3,3.6,8,5,,yes,MOBILE,friend,scholarship,7,Y,67.5,,1
L-02424,2026-05-22,22,1,,6.2,4.66,4,5,55.7,0,Laptop,instagram,free,13,Y,72.7,,1
L-01906,2026-03-13,22,2,Bachelors,13.7,4.36,6,5,74.3,Y,laptop,ngo_outreach,scholarship,16,1,83.4,,1
L-01464,2026-05-09,21,Tier 3,High School,12.8,4.53,5,4,,TRUE,mobile,instagram,free,19,yes,83.6,,1
L-00308,2026-06-28,,2,High School,5.1,3.78,5,2,31.6,FALSE,mobile,ngo_outreach,free,14,0,,duplicate?  check,0
L-01158,2026-01-08,22,3,Bachelors,5.4,,1,1,8.1,No,mobile,friend,free,5,N,,,0
L-01737,03-03-2026,23,2,High School,13.2,0.26,1,0,0.0,Yes,mobile,friend,free,32,No,,,0
L-01482,2026-03-26,23,2,High School,1.0,2.4,0,3,0.0,Yes,laptop,ngo_outreach,scholarship,42,N,,,0
L-01108,2026-04-19,21,T3,High School,5.3,3.09,5,0,45.7,N,mobile,instagram,scholarship,28,Yes,80.4,,1
L-00258,2026-03-14,25,3,Bachelors,4.3,5.01,6,6,100.0,No,laptop,friend,free,6,1,74.4,-,1
L-00676,2026-01-13,22,3,Diploma,,3.3,5,6,41.3,no,laptop,friend,free,29,no,,asked about certificate,0
L-00193,04/06/2026,35,Tier 3,Bachelors,1.5,6.23,6,5,63.8,N,mobile,school_partner,free,27,1,79.0,follow up next intake,1
L-01421,2026-01-09,23,1,Bachelors,8.8,5.31,3,7,22.8,0,mobile,friend,free,15,N,,follow up next intake,0
L-02284,17-02-2026,17,T1,diploma,7.4,3.56,3,5,7.2,No,mobile,instagram,free,20,0,,,0
L-01958,2026-01-22,15,2,Bachelors,9.0,2.66,3,1,58.3,1,notebook,other,scholarship,19,no,,follow up next intake,0
L-01304,10-04-2026,15,3,highschool,1.8,5.44,5,2,79.7,no,mobile,other,free,15,no,,,0
L-02534,2026-01-20,25,T2,Bachelors,7.8,2.63,5,2,,N,laptop,friend,paid,14,0,,follow up next intake,0
L-01393,17/02/2026,16,1,Bachelors,8.0,2.97,4,3,23.3,0,desktop,instagram,free,50,Y,41.7,n/a,0
L-02074,2026-06-14,18,2,High-School,4.3,3.97,1,1,35.5,Yes,notebook,ngo_outreach,paid,35,Y,51.2,-,1
L-02663,2026-03-12,24,1,,9.8,0.0,0,5,17.8,0,tablet,instagram,free,16,no,,,0
L-02604,14-01-2026,23,T2,High-School,3.5,3.96,6,2,,no,mobile,other,free,1,No,48.4,-,0
L-01984,2026-01-19,17,1,High School,5.4,5.95,7,6,85.2,No,mobile,friend,free,5,TRUE,75.2,requested extension,1
L-01372,2026-06-17,23,1,DIPLOMA,6.7,3.94,4,1,0.0,Y,desktop,school_partner,paid,11,Y,34.3,called on phone,0
L-01582,2026-02-27,18,2,Bachelors,8.2,2.71,1,2,67.9,yes,mobile,friend,paid,10,N,,,0
L-01975,18-01-2026,22,1,,8.8,3.75,2,2,61.1,Yes,laptop,ngo_outreach,scholarship,52,No,,,0
L-01600,2026-03-07,15,,High School,6.0,2.78,3,3,33.4,yes,mobile,school_partner,free,28,FALSE,,follow up next intake,0
L-02199,24-02-2026,,1,High School,2.8,4.2,2,1,67.4,TRUE,MOBILE,school_partner,free,27,Y,81.5,,1
L-02158,27/02/2026,18,T1,Bachelors,5.6,4.78,3,5,82.4,N,laptop,friend,free,29,no,,-,0
L-00089,2026-02-15,18,2,High School,9.5,2.09,0,3,60.7,FALSE,mobile,friend,scholarship,30,N,42.2,follow up next intake,0
L-02716,2026-02-05,15,2,,3.4,1.28,3,5,35.1,0,MOBILE,other,free,41,N,,asked about certificate,0
L-01896,2026-06-15,27,T3,Diploma,5.1,,5,5,60.6,Yes,laptop,school_partner,scholarship,25,TRUE,84.0,-,1
L-00023,2026-03-14,24,,Masters,4.9,0.41,0,5,38.7,N,laptop,instagram,free,22,FALSE,,,0
L-02456,16-02-2026,26,1,Bachelors,7.7,5.59,8,1,24.1,no,desktop,youtube,free,14,Y,72.8,,1
L-02548,2026-04-08,19,3,High School,2.5,1.15,4,4,64.8,N,mobile,friend,paid,36,yes,79.7,called on phone,1
L-02402,2026-01-20,19,3,bachelors,8.1,2.61,3,4,42.5,TRUE,desktop,ngo_outreach,scholarship,19,0,,,0
L-00770,24-06-2026,23,1,Bachelors,11.6,6.41,5,5,75.3,TRUE,mobile,school_partner,scholarship,1,TRUE,80.3,,1
L-00112,2026-04-13,24,3,Diploma,9.6,4.97,3,7,100.0,TRUE,mobile,other,paid,21,Y,69.8,duplicate?  check,1
L-01499,14/05/2026,23,3,Other,7.2,2.0,0,2,35.9,no,tablet,youtube,free,16,Yes,65.1,,1
L-02078,07/01/2026,24,2,Masters,3.1,0.26,0,2,,N,tablet,ngo_outreach,free,44,No,,,0
L-01418,2026-05-12,28,2,Diploma,15.3,2.15,4,1,43.4,0,desktop,other,scholarship,1,N,60.2,,1
L-02236,2026-02-10,19,2,Other,7.5,5.17,6,5,45.0,yes,tablet,friend,scholarship,5,1,92.3,called on phone,1
L-00990,2026-04-26,22,1,Bachelors,6.9,0.0,4,4,10.6,yes,Laptop,instagram,free,27,no,,,0
L-02657,2026-06-23,23,2,High School,5.9,3.89,4,8,36.4,Yes,mobile,school_partner,scholarship,32,N,,n/a,0
L-00779,26-05-2026,26,1,Bachelors,8.6,1.99,0,3,42.7,0,desktop,school_partner,scholarship,18,0,,follow up next intake,0
L-02624,2026-01-04,22,3,Masters,5.4,,3,3,49.8,0,laptop,school_partner,scholarship,24,no,,,0
L-02325,28-01-2026,18,1,Diploma,3.8,2.13,5,2,41.0,FALSE,laptop,youtube,paid,3,N,,,0
L-02007,2026-04-24,15,tier-1,High School,5.7,5.31,3,1,50.3,Y,tablet,ngo_outreach,free,8,0,,-,0
L-01752,24/01/2026,20,3,Diploma,,4.34,0,5,46.3,Yes,mobile,instagram,scholarship,44,N,,follow up next intake,0
L-00059,16/03/2026,32,1,Bachelors,9.6,3.63,5,4,63.4,0,tablet,youtube,paid,10,0,82.3,n/a,1
L-01892,2026-06-19,28,2,M.Sc,9.0,3.44,7,6,40.3,Yes,laptop,school_partner,scholarship,5,Y,100,,1
L-01211,13-02-2026,22,1,High School,7.8,3.67,8,0,35.5,N,mobile,instagram,free,9,yes,79.9,asked about certificate,1
L-01129,2026-06-16,27,3,High School,10.3,2.83,2,3,35.1,No,mobile,school_partner,free,38,no,,-,0
L-00440,16/03/2026,24,tier-1,Diploma,3.7,1.21,1,0,38.6,N,mobile,instagram,scholarship,24,FALSE,,duplicate?  check,0
L-02230,09-04-2026,20,2,High School,6.4,3.18,3,2,7.5,TRUE,laptop,school_partner,free,20,N,,duplicate?  check,0
L-01713,2026-05-23,15,2,High School,6.6,3.76,4,2,16.8,no,laptop,ngo_outreach,scholarship,2,No,,,0
L-01946,26-05-2026,23,2,Bachelors,2.1,1.92,1,4,34.8,0,laptop,ngo_outreach,scholarship,20,N,,requested extension,0
L-00359,2026-05-15,,2,Bachelor's,3.2,0.94,0,2,46.0,0,desktop,ngo_outreach,paid,2,FALSE,,,0
L-01734,2026-04-13,22,1,Diploma,7.4,1.55,4,4,33.9,Yes,mobile,school_partner,scholarship,27,no,,-,0
L-01936,05-02-2026,16,3,High School,11.1,4.26,6,7,39.4,0,laptop,instagram,free,11,yes,88.1,,1
L-02528,10/01/2026,28,1,Diploma,6.5,2.3,9,8,42.5,Y,laptop,instagram,free,1,Yes,82.2,,1
L-02391,18-06-2026,15,3,High School,5.0,0.14,0,0,0.0,0,MOBILE,ngo_outreach,free,23,0,46.1,,0
L-00908,2026-04-23,19,3,High School,4.0,3.89,2,0,80.9,1,notebook,instagram,free,18,No,,,0
L-02118,2026-01-15,22,2,HS,10.7,0.93,3,2,60.6,No,mobile,other,free,24,No,30.6,duplicate?  check,0
L-01860,2026-01-13,18,T2,Diploma,6.3,4.51,4,6,81.4,no,laptop,instagram,paid,4,No,,called on phone,0
L-00433,2026-05-12,24,2,High School,11.9,5.02,10,6,,FALSE,Mobile,youtube,paid,10,TRUE,74.5,,1
L-01368,2026-06-04,24,3,Bachelors,4.7,2.37,1,2,3.6,yes,mobile,youtube,scholarship,37,No,,,0
L-02313,03-04-2026,15,1,High School,10.3,1.46,0,0,46.2,No,laptop,youtube,free,7,0,,requested extension,0
L-02504,2026-01-04,18,tier-2,High School,2.0,0.0,2,2,36.8,No,desktop,friend,scholarship,16,No,,,0
L-00261,2026-06-07,-3,3,High School,1.7,1.3,0,1,20.7,0,notebook,youtube,free,16,0,,duplicate?  check,0
L-02603,2026-04-26,15,T2,Bachelors,10.6,5.3,5,3,24.8,Y,mobile,ngo_outreach,free,20,0,,,0
L-00002,2026-05-20,22,2,Diploma,8.6,3.18,2,3,8.8,FALSE,Mobile,friend,paid,13,0,,,0
L-00875,03/04/2026,16,1,Bachelors,9.6,0.13,0,0,4.2,no,mobile,instagram,free,53,No,28.0,called on phone,0
L-01068,2026-04-20,23,1,Bachelors,6.1,4.76,8,10,59.0,Yes,laptop,instagram,free,27,yes,67.7,follow up next intake,1
L-02628,2026-04-02,15,Tier 1,Bachelors,10.6,5.82,4,7,44.3,no,mobile,instagram,scholarship,24,FALSE,,n/a,0
L-00037,2026-03-01,25,1,High School,8.8,3.09,3,6,31.0,yes,desktop,youtube,free,19,Y,71.2,duplicate?  check,1
L-00884,2026-01-11,17,2,Masters,10.0,6.15,1,5,58.4,Y,mobile,school_partner,paid,11,TRUE,89.0,-,1
L-00357,2026-03-15,17,2,High School,13.7,,6,4,37.4,yes,MOBILE,school_partner,free,9,no,49.7,called on phone,0
L-01444,2026-01-22,18,T3,High School,11.1,2.21,3,3,0.0,Y,mobile,ngo_outreach,free,41,0,,n/a,0
L-02184,2026-03-09,16,1,Other,5.9,4.71,5,4,69.6,Yes,mobile,school_partner,paid,26,yes,79.5,called on phone,1
L-01682,2026-02-09,199,T2,,9.4,0.0,0,2,,Y,mobile,friend,free,21,N,,,0
L-01355,2026-02-06,19,2,Diploma,9.2,5.99,2,7,35.9,Yes,mobile,other,paid,22,N,13.3,-,0
L-00289,07-05-2026,26,2,Masters,5.6,,5,2,46.1,1,Laptop,other,free,8,Y,68.5,n/a,1
L-02745,2026-03-21,20,1,Other,5.0,2.84,3,2,26.0,No,mobile,instagram,free,10,N,,requested extension,0
L-02785,2026-04-21,27,1,Diploma,5.9,3.5,3,0,44.7,Y,tablet,instagram,paid,31,FALSE,38.7,,0
L-01697,2026-04-16,20,3,Bachelors,6.4,1.0,4,1,44.5,No,mobile,youtube,paid,26,N,,,0
L-01938,08/03/2026,24,tier-2,highschool,6.5,4.38,5,7,100.0,Y,notebook,instagram,free,29,1,71.8,,1
L-02527,09-06-2026,,2,Bachelors,11.4,,6,4,79.4,0,mobile,friend,free,44,FALSE,,,0
L-01002,2026-02-12,,1,High School,9.5,1.0,0,2,0.0,FALSE,mobile,friend,free,34,no,,n/a,0
L-02458,2026-04-20,30,Tier 1,High School,2.9,3.59,4,1,47.9,N,tablet,instagram,free,17,yes,82.8,-,1
L-00826,2026-05-10,19,2,High School,15.4,2.3,3,3,5.2,1,MOBILE,school_partner,scholarship,24,0,,-,0
L-01057,2026-06-27,23,2,,7.2,0.94,0,2,18.4,No,Tablet,instagram,scholarship,35,no,,,0
L-00747,2026-06-09,16,1,Bachelors,8.1,1.47,3,3,66.2,Yes,Desktop,ngo_outreach,scholarship,14,0,,,0
L-02643,2026-04-12,16,2,High-School,1.0,2.08,0,2,45.7,N,laptop,instagram,paid,44,FALSE,,follow up next intake,0
L-00744,2026-01-04,15,,High School,5.6,2.37,0,4,0.0,FALSE,laptop,instagram,free,38,No,62,called on phone,0
L-01689,07-06-2026,28,2,High School,2.5,1.71,3,2,62.8,1,mobile,friend,scholarship,56,1,83.7,asked about certificate,1
L-00768,2026-03-10,18,2,Other,5.7,3.66,6,9,68.1,N,laptop,other,scholarship,19,No,,follow up next intake,0
L-02136,2026-02-08,19,1,Bachelors,13.6,3.47,1,6,39.0,1,mobile,instagram,scholarship,9,0,,,0
L-02193,2026-03-06,20,tier-2,highschool,7.9,2.59,4,0,36.3,0,Mobile,youtube,paid,16,1,72.2,,1
L-01216,2026-01-04,,2,High School,2.6,2.91,4,0,62.0,No,desktop,other,paid,24,Y,76.0,called on phone,1
L-01971,2026-06-12,23,3,Bachelors,3.4,4.08,0,2,45.5,0,laptop,school_partner,paid,13,0,,,0
L-02051,25/05/2026,26,3,Bachelors,9.5,2.42,4,3,26.5,no,desktop,instagram,scholarship,11,no,,asked about certificate,0
L-00295,2026-04-08,23,1,High School,2.0,1.56,0,6,,1,mobile,school_partner,paid,29,N,,duplicate?  check,0
L-02000,2026-01-18,24,2,Masters,13.6,4.08,3,5,75.6,no,laptop,instagram,free,14,no,,,0
L-00075,2026-05-14,17,1,Bachelors,4.8,0.11,0,2,55.6,0,laptop,instagram,scholarship,35,FALSE,,,0
L-01046,2026-04-10,23,2,Diploma,9.2,3.81,6,6,35.1,N,Desktop,school_partner,paid,9,FALSE,60.7,requested extension,0
L-02249,15-05-2026,23,2,High School,6.1,4.7,5,4,93.4,No,mobile,friend,paid,11,no,,n/a,0
L-00998,2026-03-12,15,2,Bachelors,11.5,2.47,3,6,63.2,,mobile,friend,scholarship,13,N,,-,0
L-02075,11-02-2026,15,3,Bachelors,6.6,3.19,5,1,67.5,FALSE,laptop,other,scholarship,27,Y,58.8,requested extension,1
L-01782,2026-04-01,15,2,bachelor degree,6.2,3.76,1,2,66.1,N,laptop,ngo_outreach,paid,21,yes,79.4,,1
L-00106,2026-04-12,,3,Masters,1.1,4.07,0,4,46.9,TRUE,mobile,school_partner,free,42,No,,called on phone,0
L-02059,17-02-2026,23,2,High School,3.4,2.1,3,1,29.4,TRUE,PC,ngo_outreach,scholarship,25,FALSE,,,0
L-00017,2026-05-04,29,,,7.7,,7,5,115.3,N,mobile,ngo_outreach,scholarship,16,0,54.7,called on phone,0
L-02049,2026-01-04,23,2,Bachelors,5.6,3.84,7,0,94.6,FALSE,Laptop,other,paid,1,yes,64.1,requested extension,1
L-02684,2026-02-21,23,2,Bachelors,13.7,4.5,3,3,70.3,Yes,mobile,instagram,scholarship,22,Y,71.1,requested extension,1
L-00529,2026-03-06,24,1,Bachelors,8.0,3.01,8,4,29.9,0,laptop,school_partner,paid,19,Y,72.4,-,1
L-00794,2026-01-13,19,3,diploma,8.2,2.23,0,2,0.0,Y,mobile,school_partner,free,41,0,20.4,duplicate?  check,0
L-00714,2026-01-03,25,T2,High School,8.2,3.01,5,3,,Y,Mobile,instagram,free,7,Y,86.1,called on phone,1
L-02470,2026-06-23,22,T3,High School,,3.47,0,4,17.5,FALSE,mobile,youtube,free,32,FALSE,,duplicate?  check,0
L-01890,2026-02-25,26,2,High School,9.0,3.13,7,0,33.8,no,mobile,youtube,free,30,FALSE,,called on phone,0
L-01964,2026-05-14,22,T3,High School,15.2,1.6,5,8,43.4,1,Laptop,school_partner,scholarship,14,Y,78.6,,1
L-00691,2026-05-06,199,2,B.Tech,10.2,4.51,3,4,18.0,No,Desktop,instagram,scholarship,29,1,64.7,,1
L-01967,18/05/2026,25,1,Bachelors,9.2,2.75,5,3,72.5,Yes,mobile,youtube,free,29,TRUE,89.9,,1
L-01462,2026-04-24,,tier-3,bachelor degree,6.5,4.0,6,4,69.6,0,tablet,instagram,free,14,0,,n/a,0
L-00571,2026-05-02,16,1,High School,11.7,0.45,1,4,0.0,no,laptop,ngo_outreach,scholarship,33,no,,,0
L-01686,12-01-2026,22,2,High School,10.9,3.3,3,3,12.5,no,laptop,school_partner,free,24,FALSE,,duplicate?  check,0
L-02069,2026-01-19,17,tier-2,HS,7.5,4.77,3,2,40.1,1,mobile,friend,paid,10,Y,73.3,-,1
L-01113,2026-01-21,24,T2,Bachelors,5.9,4.62,5,3,94.9,0,tablet,school_partner,free,15,No,,duplicate?  check,0
L-01742,2026-04-07,23,2,Diploma,6.4,4.2,4,0,42.1,No,laptop,instagram,scholarship,42,no,,requested extension,0
L-02749,2026-05-08,21,2,Bachelors,9.8,4.98,7,6,77.5,FALSE,mobile,friend,free,11,1,55.6,follow up next intake,1
L-02094,10-01-2026,15,2,Diploma,6.7,0.86,4,1,21.4,No,desktop,school_partner,free,23,FALSE,,n/a,0
L-02567,2026-05-11,26,2,masters,9.5,3.16,5,2,12.5,no,mobile,youtube,scholarship,8,N,,,0
L-01314,2026-01-23,27,2,Bachelors,6.1,2.33,3,1,23.6,N,mobile,instagram,scholarship,17,no,,,0
L-00172,23-04-2026,15,3,high school,7.0,2.52,2,4,1.8,1,mobile,school_partner,scholarship,22,N,,requested extension,0
L-00968,2026-06-26,,2,Diploma,7.7,2.56,6,2,103.7,1,laptop,instagram,scholarship,7,Yes,69.3,,1
L-00656,2026-04-02,,2,High School,7.1,3.21,0,1,28.6,N,MOBILE,youtube,free,27,N,,duplicate?  check,0
L-01007,2026-03-07,20,2,High School,6.2,6.49,6,5,47.6,No,laptop,friend,scholarship,19,TRUE,84.4,,1
L-00706,23-02-2026,20,1,highschool,5.2,2.52,9,3,73.5,Y,mobile,instagram,scholarship,7,Y,74.2,called on phone,1
L-00257,2026-03-11,15,tier-1,Bachelors,11.4,0.5,2,5,26.1,no,PC,ngo_outreach,free,15,0,,asked about certificate,0
L-02104,2026-02-20,17,T1,Bachelors,6.5,2.89,4,1,103.6,TRUE,mobile,instagram,paid,18,TRUE,72.4,,1
L-00296,2026-05-07,20,2,Bachelors,1.0,2.32,3,1,18.4,1,mobile,youtube,free,8,0,,asked about certificate,0
L-02447,2026-06-14,21,2,Bachelors,5.4,2.38,3,6,55.8,Yes,laptop,other,scholarship,26,N,,,0
L-01075,2026-01-09,20,2,Masters,11.3,2.73,5,1,38.6,0,mobile,youtube,scholarship,24,no,,n/a,0
L-01554,2026-06-03,19,3,Bachelors,12.9,6.88,3,0,46.4,Yes,mobile,youtube,scholarship,10,Y,41.7,asked about certificate,0
L-00192,06/06/2026,17,2,Bachelors,,3.56,5,8,62.6,FALSE,laptop,school_partner,free,23,No,,-,0
L-01985,2026-02-26,16,3,bachelors,11.8,5.59,5,6,85.1,No,desktop,instagram,paid,15,yes,81.3,,1
L-01568,2026-02-11,22,2,Masters,3.5,2.79,5,10,41.4,no,Mobile,friend,free,29,0,,,0
L-01917,03/04/2026,17,Tier 3,High-School,12.7,2.2,1,1,14.6,N,desktop,ngo_outreach,paid,9,No,,,0
L-02515,2026-05-13,24,2,High School,7.8,4.13,4,2,21.4,1,mobile,youtube,paid,35,N,,follow up next intake,
L-01169,2026-02-03,19,tier-3,HS,7.0,5.22,7,14,71.6,TRUE,Mobile,youtube,free,14,Yes,71.6,asked about certificate,1
L-02106,2026-06-08,15,1,Diploma,9.8,3.96,5,7,64.1,0,mobile,other,free,23,no,,,0
L-01558,2026-05-11,15,1,Bachelors,4.2,1.67,6,3,39.8,No,mobile,friend,free,0,1,92.0,n/a,1
L-01132,15-02-2026,23,1,Bachelors,7.1,3.07,3,1,71.0,0,Laptop,instagram,scholarship,32,yes,85.0,,1
L-00087,21-03-2026,17,tier-3,DIPLOMA,6.4,2.15,0,2,22.4,TRUE,laptop,other,paid,34,N,48.9,-,0
L-02031,2026-05-10,,2,Diploma,9.5,6.21,4,4,75.0,TRUE,mobile,school_partner,scholarship,4,Yes,77.9,-,1
L-00221,2026-04-16,25,T3,Bachelors,9.2,3.35,0,1,34.6,No,laptop,friend,free,1,No,,,0
L-02752,2026-01-20,16,T1,Bachelors,6.1,,4,3,33.6,yes,laptop,youtube,paid,13,1,76.6,,1
L-01977,05-06-2026,300,2,Diploma,6.0,1.01,0,0,12.3,no,laptop,school_partner,paid,28,FALSE,,requested extension,0
L-01645,2026-06-13,17,3,High School,,1.12,2,3,0.0,1,Laptop,school_partner,scholarship,20,FALSE,38.9,,0
L-02732,2026-03-16,23,1,,4.0,6.7,9,2,89.3,FALSE,mobile,other,free,15,TRUE,71.6,,1
L-00001,22/03/2026,18,3,Bachelors,7.9,1.25,4,1,0.0,N,mobile,instagram,paid,13,no,,-,0
L-01233,2026-04-17,,Tier 2,Diploma,6.7,1.66,4,3,58.1,Yes,desktop,school_partner,free,8,No,,,0
L-00047,2026-04-05,15,1,Bachelors,5.9,5.13,4,4,65.8,Y,tablet,friend,paid,29,1,83.6,,1
L-00716,2026-04-03,17,1,OTHER,5.9,1.16,3,1,49.8,0,mobile,youtube,free,23,FALSE,,,0
L-01272,19/01/2026,24,3,High School,10.8,2.22,1,1,49.9,No,mobile,other,scholarship,33,0,,,0
L-01621,06/01/2026,25,1,Bachelors,2.1,,0,0,32.0,FALSE,mobile,ngo_outreach,free,43,0,32.0,-,0
L-00196,2026-01-24,25,tier-3,Bachelors,6.2,2.71,2,6,81.1,0,mobile,youtube,free,25,no,,duplicate?  check,0
L-00757,12-04-2026,26,2,Masters,6.8,3.55,1,0,0.0,FALSE,Mobile,youtube,paid,31,no,,,0
L-02636,2026-01-13,,2,Diploma,9.3,3.54,9,8,100.0,,laptop,instagram,scholarship,19,yes,84.8,requested extension,1
L-01970,2026-05-28,29,3,Bachelor's,9.9,1.44,4,1,63.5,1,mobile,school_partner,free,3,1,78.4,n/a,1
L-00118,20-05-2026,28,3,High School,14.8,2.5,6,4,30.8,Y,desktop,youtube,free,1,Y,98.7,,1
L-00895,2026-04-14,18,1,Bachelors,13.1,4.16,6,2,42.7,0,mobile,friend,free,23,no,,,0
L-01595,2026-01-23,15,3,Bachelors,16.6,3.6,2,1,23.5,0,phone,ngo_outreach,free,15,Yes,81.5,,1
L-01377,2026-02-22,28,tier-2,Masters,13.5,,5,5,101.9,1,laptop,other,scholarship,26,yes,84.5,asked about certificate,1
L-02560,16-04-2026,24,T2,Other,1.0,4.24,5,1,12.2,Yes,mobile,youtube,scholarship,25,N,,,0
L-00070,2026-03-08,16,Tier 1,Bachelors,4.8,2.85,0,0,23.3,TRUE,mobile,school_partner,scholarship,47,0,,,0
L-01086,2026-06-23,24,2,Bachelors,12.4,5.4,5,2,93.1,0,ipad,instagram,scholarship,4,Y,70.2,asked about certificate,1
L-00249,2026-02-06,17,Tier 2,Diploma,300.9,2.77,4,1,31.8,FALSE,mobile,school_partner,free,5,No,,n/a,0
L-01922,07-03-2026,25,3,High School,10.5,0.98,3,4,25.4,no,laptop,youtube,scholarship,33,no,,-,0
L-00471,2026-03-08,19,1,High School,12.4,3.49,5,2,39.8,yes,laptop,youtube,scholarship,19,no,,,0
L-02480,27/01/2026,20,3,Other,5.2,3.36,4,0,49.8,No,mobile,school_partner,paid,12,TRUE,68.5,,1
L-02700,17-06-2026,17,2,DIPLOMA,7.7,3.13,2,2,32.7,no,desktop,school_partner,free,28,N,26.2,n/a,0
L-00633,2026-06-26,27,3,Other,8.1,4.57,5,2,73.3,N,MOBILE,friend,free,20,TRUE,70.7,asked about certificate,1
L-01664,2026-05-24,21,2,Bachelors,11.9,3.89,9,7,71.5,No,laptop,friend,free,11,Yes,86.7,,1
L-01521,03/04/2026,21,1,high school,10.8,3.78,4,1,71.1,Y,desktop,instagram,scholarship,4,Yes,78.1,n/a,1
L-02473,2026-03-23,28,1,M.Sc,1.8,6.26,7,1,94.9,1,mobile,youtube,scholarship,15,1,71.3,-,1
L-01831,2026-05-18,24,1,Diploma,8.5,3.07,0,1,17.2,N,desktop,instagram,free,12,FALSE,,follow up next intake,0
L-01344,2026-05-28,15,T1,Bachelors,5.0,3.67,0,4,30.0,0,mobile,instagram,free,20,0,,,0
L-02608,15/03/2026,,3,High School,2.8,2.95,0,4,42.3,yes,desktop,friend,free,30,No,,,0
L-02167,11/02/2026,31,1,diploma,8.9,4.34,3,5,62.0,0,mobile,ngo_outreach,scholarship,9,Y,60.6,,1
L-01502,09-02-2026,15,2,Bachelors,5.9,0.0,0,8,39.2,0,laptop,ngo_outreach,scholarship,22,N,,,0
L-00151,2026-01-14,22,1,Bachelors,4.9,3.96,8,4,60.5,yes,Laptop,youtube,scholarship,5,yes,90.8,asked about certificate,1
L-01898,19-03-2026,15,1,Masters,4.9,2.36,3,8,55.8,Y,desktop,other,free,7,TRUE,74.5,called on phone,1
L-00039,2026-06-18,19,1,Diploma,10.6,3.06,4,3,69.9,Y,tablet,school_partner,free,9,Yes,67.9,n/a,1
L-00793,20-03-2026,24,T2,Other,6.8,2.99,5,3,,Y,tablet,school_partner,free,34,No,45.3,,0
L-01792,20/03/2026,25,2,Bachelor's,5.2,4.42,6,4,39.7,0,Laptop,school_partner,free,0,Y,92.3,called on phone,1
L-01823,16-04-2026,18,1,DIPLOMA,5.7,4.59,7,5,51.0,no,desktop,youtube,scholarship,25,TRUE,91.6,,1
L-00777,2026-06-17,17,1,Diploma,7.4,3.9,4,0,22.4,no,mobile,instagram,paid,23,FALSE,32.8,,0
L-02369,21/06/2026,29,T1,High School,1.3,3.81,4,7,62.5,no,laptop,school_partner,scholarship,9,Y,51.6,,1
L-00853,2026-04-10,15,,Bachelors,11.4,,7,8,67.7,no,Tablet,instagram,paid,7,Yes,89.4,requested extension,1
L-00591,2026-05-03,16,T3,Other,7.9,2.98,2,2,,TRUE,tablet,youtube,scholarship,0,No,,,0
L-02489,2026-02-08,21,1,High School,5.5,1.96,2,1,65.5,yes,laptop,friend,scholarship,18,no,56.0,,0
L-01426,2026-02-15,23,2,High School,5.2,0.0,2,1,16.1,Yes,mobile,instagram,paid,25,FALSE,50.8,n/a,0
L-00660,2026-03-01,21,,Master's,10.0,2.06,3,4,40.1,Y,mobile,friend,scholarship,11,FALSE,,,0
L-01998,2026-05-17,22,2,High School,12.2,5.19,5,3,72.4,FALSE,laptop,instagram,scholarship,28,No,53.1,asked about certificate,0
L-01486,2026-06-03,17,3,High School,11.8,4.0,0,2,36.5,No,desktop,ngo_outreach,free,39,no,,n/a,0
L-00687,2026-03-03,20,Tier 1,,10.4,,5,3,67.8,yes,phone,instagram,scholarship,16,TRUE,91.7,asked about certificate,1
L-00663,2026-01-24,24,2,Diploma,3.1,3.91,0,6,101.5,N,mobile,youtube,paid,33,N,,n/a,0
L-01990,2026-06-14,20,T2,Bachelors,5.0,1.17,6,2,40.1,Y,mobile,ngo_outreach,free,22,1,78.7,duplicate?  check,1
L-01167,2026-05-13,19,2,High School,7.0,4.03,5,6,44.4,TRUE,laptop,other,scholarship,14,yes,71.2,,1
L-01152,20-02-2026,19,tier-1,High School,12.0,1.99,2,2,40.4,TRUE,mobile,youtube,paid,2,yes,,asked about certificate,0
L-01192,2026-02-18,25,2,Masters,5.6,0.06,1,1,27.2,no,mobile,youtube,scholarship,21,N,54.2,,0
L-02697,2026-02-20,21,1,Diploma,7.3,4.11,8,2,49.2,No,laptop,school_partner,free,17,Yes,74.1,called on phone,1
L-02214,2026-01-24,20,T2,High School,11.6,4.77,7,11,81.4,FALSE,Tablet,school_partner,paid,28,Y,64.7,,1
L-01446,18-06-2026,25,1,Master's,9.2,4.3,8,2,64.1,1,PC,instagram,scholarship,23,TRUE,71.3,,1
L-02615,2026-06-06,18,2,High School,7.2,2.9,3,3,15.1,Yes,laptop,instagram,free,27,0,,duplicate?  check,0
L-00186,2026-04-21,30,3,Diploma,10.9,0.05,0,1,63.5,1,mobile,school_partner,scholarship,11,0,,called on phone,0
L-00392,2026-02-05,19,1,Bachelors,12.8,3.97,3,8,47.6,N,MOBILE,friend,paid,1,N,52.7,,0
L-00635,2026-03-13,20,3,Diploma,8.4,3.89,4,0,88.6,TRUE,mobile,ngo_outreach,free,25,Yes,88.6,,1
L-01151,2026-03-14,23,T2,B.Tech,5.6,3.95,4,5,59.6,yes,mobile,instagram,free,9,yes,79.6,,1
L-00927,2026-03-04,34,1,Masters,6.6,5.42,5,2,54.8,TRUE,notebook,youtube,free,8,No,,,0
L-00502,2026-03-15,19,3,highschool,7.9,,4,1,,0,desktop,instagram,free,16,0,36.4,,0
L-01464,2026-05-09,21,Tier 3,High School,12.8,4.53,5,4,,TRUE,mobile,instagram,free,19,yes,83.6,,1
L-02605,2026-03-21,25,2,high school,7.2,3.15,2,3,14.9,TRUE,Laptop,ngo_outreach,free,23,Y,87.0,,1
L-02275,2026-06-07,19,3,High School,3.5,2.76,2,1,2.7,No,mobile,instagram,paid,19,0,,,0
L-02202,2026-05-13,,2,High School,6.0,3.3,3,2,22.7,N,laptop,school_partner,free,1,Y,77.1,,1
L-00197,2026-04-11,19,1,High School,7.5,0.0,0,2,23.2,N,mobile,school_partner,scholarship,51,no,39.1,asked about certificate,0
L-01943,2026-01-04,26,,Diploma,7.6,,3,4,,No,mobile,instagram,free,31,no,,requested extension,0
L-00010,2026-05-25,16,3,High School,4.1,2.85,2,0,,No,mobile,friend,free,21,no,,,0
L-01004,24/02/2026,21,2,OTHER,7.4,4.78,6,2,74.6,Yes,mobile,friend,free,24,Yes,65.4,asked about certificate,1
L-00763,19-05-2026,19,3,Bachelors,7.0,2.07,2,8,13.9,,laptop,other,free,26,no,,,0
L-02008,05-06-2026,28,3,DIPLOMA,6.2,0.36,0,8,8.2,yes,mobile,friend,free,41,0,,n/a,0
L-01962,2026-04-24,19,tier-3,Bachelors,1.0,2.65,0,1,45.6,N,mobile,ngo_outreach,free,20,no,,n/a,0
L-01397,23-03-2026,21,3,Diploma,9.3,1.22,5,12,44.9,Y,ipad,school_partner,free,22,0,,asked about certificate,0
L-00916,2026-04-15,24,Tier 2,high school,12.5,4.49,4,0,34.4,0,PC,instagram,scholarship,30,Yes,67.1,,1
L-01655,2026-04-21,19,2,High School,12.7,4.15,7,3,43.2,FALSE,mobile,instagram,paid,4,yes,80.3,,1
L-02753,28-05-2026,27,2,highschool,6.4,1.61,1,2,72.9,N,mobile,school_partner,free,25,FALSE,,-,0
L-01623,2026-05-02,23,Tier 2,diploma,4.2,0.45,2,2,29.5,Y,mobile,youtube,free,27,0,,,0
L-00111,2026-05-28,28,Tier 2,Bachelors,5.4,2.16,2,3,33.1,yes,mobile,ngo_outreach,free,14,No,,n/a,0
L-00113,2026-03-24,19,3,Bachelors,8.0,1.24,5,5,22.4,No,desktop,school_partner,free,13,1,98.1,asked about certificate,1
L-00159,2026-02-07,20,1,Bachelors,7.1,2.04,2,7,7.6,TRUE,Laptop,instagram,scholarship,26,Y,80.5,,1
L-00734,03-03-2026,32,1,Diploma,5.0,1.27,7,2,27.8,0,mobile,instagram,free,17,Y,76.7,n/a,1
L-00970,12-01-2026,,2,Diploma,7.9,4.59,6,4,,yes,mobile,friend,paid,9,TRUE,87.1,called on phone,1
L-00002,2026-05-20,22,2,Diploma,8.6,3.18,2,3,8.8,FALSE,Mobile,friend,paid,13,0,,,0
L-00940,12-03-2026,23,2,Diploma,10.0,1.91,1,5,36.8,No,mobile,youtube,free,16,FALSE,,n/a,0
L-01315,03/01/2026,16,3,Diploma,3.6,2.16,5,2,27.6,Yes,mobile,friend,free,16,0,,follow up next intake,0
L-01908,20/02/2026,19,2,bachelors,6.3,4.57,6,1,21.9,FALSE,Mobile,instagram,free,17,FALSE,,follow up next intake,0
L-00580,12-06-2026,18,,Diploma,2.7,1.05,0,2,,N,laptop,friend,free,29,FALSE,,,0
L-01544,2026-01-09,16,2,Other,3.8,3.79,3,0,114.5,N,mobile,school_partner,paid,21,TRUE,80.9,,1
L-02330,20-06-2026,23,T2,Diploma,5.4,3.05,0,6,10.5,,desktop,friend,paid,29,0,,duplicate?  check,0
L-02595,2026-04-25,24,2,HS,2.2,4.47,7,6,65.1,FALSE,tablet,school_partner,free,24,N,,asked about certificate,0
L-01592,10-05-2026,,2,M.Sc,9.5,5.61,3,2,19.9,no,laptop,school_partner,free,13,FALSE,,follow up next intake,0
L-01945,2026-01-10,28,Tier 2,Bachelors,6.2,5.57,5,5,75.7,no,desktop,ngo_outreach,free,8,Y,80.0,asked about certificate,1
L-01394,09/01/2026,23,2,Diploma,8.3,4.79,5,6,63.5,0,mobile,instagram,scholarship,12,1,69.5,,1
L-02541,15/01/2026,25,1,Diploma,4.7,1.69,2,3,0.3,No,laptop,youtube,free,23,FALSE,,,0
L-01741,2026-01-18,20,1,Masters,10.2,3.81,6,3,41.4,N,tablet,youtube,scholarship,15,no,79.2,duplicate?  check,1
L-02367,2026-06-08,24,T1,Diploma,8.5,6.04,3,1,0.0,,mobile,school_partner,free,57,N,,requested extension,0
L-00485,2026-04-26,15,3,Diploma,8.2,4.05,4,4,45.3,yes,notebook,friend,scholarship,7,Yes,73.7,-,1
L-00448,23-04-2026,15,1,High-School,7.6,2.68,1,1,5.0,no,MOBILE,friend,paid,45,N,,requested extension,0
L-01607,2026-01-05,32,2,High School,,5.88,7,2,71.8,yes,mobile,instagram,free,16,yes,75.9,,1
L-00636,2026-04-25,19,1,Diploma,6.7,1.24,3,7,27.4,Yes,notebook,friend,scholarship,15,N,,,0
L-00251,20-05-2026,21,3,,7.4,2.31,5,1,75.4,No,laptop,school_partner,free,14,Yes,75.2,duplicate?  check,1
L-00876,2026-03-10,19,2,High School,4.2,3.93,0,1,18.0,no,laptop,school_partner,paid,25,FALSE,,asked about certificate,0
L-01099,03-02-2026,27,2,High School,5.9,4.15,6,6,43.0,FALSE,mobile,ngo_outreach,paid,10,TRUE,61.2,,1
L-00915,2026-03-03,,3,Other,9.1,2.28,1,3,43.9,FALSE,laptop,school_partner,scholarship,13,No,,,0
L-00140,2026-01-20,25,Tier 1,B.Tech,6.4,6.04,7,4,25.8,Y,mobile,friend,free,3,TRUE,65.7,,1
L-02353,2026-04-18,23,2,High School,9.5,3.53,3,5,52.8,1,laptop,friend,paid,21,Y,79.9,,1
L-02268,08-04-2026,24,T2,highschool,326.8,4.67,5,6,112.1,N,Mobile,school_partner,free,32,Yes,84.7,follow up next intake,1
L-02396,2026-02-03,19,tier-1,Bachelors,8.9,2.33,2,1,30.9,Y,mobile,friend,paid,26,0,,asked about certificate,0
L-01079,2026-01-06,26,Tier 3,Masters,1.0,2.19,1,3,12.1,0,MOBILE,instagram,paid,34,no,,,0
L-00867,09-03-2026,16,2,Diploma,8.3,1.81,3,4,48.9,FALSE,notebook,friend,scholarship,7,No,,called on phone,0
L-02607,18-06-2026,24,3,HS,8.7,4.1,4,5,48.1,yes,mobile,friend,free,13,no,,,0
L-01963,2026-04-25,21,3,Diploma,6.9,4.82,3,1,57.9,1,laptop,ngo_outreach,free,36,FALSE,,,0
L-01017,2026-04-18,18,2,Masters,1.8,3.52,5,0,47.6,Yes,MOBILE,ngo_outreach,paid,7,yes,80.7,requested extension,1
L-01037,2026-05-26,22,2,unknown,2.1,3.32,0,1,70.4,FALSE,mobile,other,free,35,0,,,0
L-01894,2026-03-07,27,2,Masters,4.9,,5,4,,yes,desktop,instagram,free,2,Yes,59.9,,1
L-02231,2026-04-13,16,2,Masters,11.0,2.58,5,3,13.2,N,mobile,friend,scholarship,24,Yes,88.3,,1
L-02021,09/05/2026,15,1,,10.5,1.89,3,1,19.9,No,phone,school_partner,paid,9,TRUE,78.9,called on phone,1
L-00654,13-04-2026,20,2,Diploma,9.0,0.59,0,4,0.0,,mobile,instagram,scholarship,34,no,,,0
L-01362,2026-05-06,32,3,Bachelors,10.4,3.18,3,6,21.2,No,mobile,ngo_outreach,paid,8,FALSE,,,0
L-01872,2026-04-23,23,,Diploma,7.0,0.14,1,2,33.5,TRUE,mobile,school_partner,free,49,0,,requested extension,0
L-02182,2026-05-14,26,tier-3,Bachelors,4.6,0.05,0,5,15.5,TRUE,desktop,ngo_outreach,paid,26,no,,,0
L-01452,2026-03-24,,1,High School,5.0,2.55,3,0,38.6,N,desktop,ngo_outreach,free,13,No,57.2,duplicate?  check,0
L-01598,2026-05-14,21,1,high school,3.3,3.56,6,9,33.6,no,mobile,friend,scholarship,13,no,,,0
L-02626,2026-06-04,23,2,Bachelor's,5.2,0.41,0,2,38.7,Yes,desktop,youtube,free,43,TRUE,84.3,n/a,1
L-00815,2026-02-06,15,Tier 3,High-School,10.2,1.17,2,0,60.3,0,tablet,school_partner,free,14,no,39.8,,0
L-00710,2026-01-04,19,3,High School,1.7,1.97,1,2,44.1,no,desktop,instagram,paid,23,0,,duplicate?  check,0
L-02132,10/01/2026,21,T3,Masters,4.7,1.67,3,2,28.6,no,mobile,school_partner,free,43,no,25.5,,0
L-00427,2026-03-23,,tier-2,High School,7.1,1.71,0,1,36.7,FALSE,mobile,instagram,paid,29,0,,,0
L-01702,2026-02-15,16,3,High School,9.6,2.81,5,1,57.2,FALSE,mobile,school_partner,paid,15,No,35.1,asked about certificate,0
L-02635,2026-04-13,22,1,Bachelors,5.0,4.0,1,2,28.7,Yes,notebook,instagram,scholarship,30,N,,,0
L-02606,2026-06-13,18,1,High School,7.8,0.5,0,2,,Yes,phone,instagram,paid,37,no,,called on phone,0
L-01691,2026-06-16,23,tier-1,Diploma,13.1,4.08,1,3,29.4,no,mobile,school_partner,scholarship,28,Yes,79.8,-,1
L-00728,2026-06-01,26,3,Bachelors,8.9,5.57,10,8,95.7,No,mobile,youtube,paid,15,Yes,77.9,,1
L-02260,2026-02-23,19,3,High School,4.9,3.75,5,3,11.3,No,mobile,school_partner,free,24,Y,,duplicate?  check,0
L-02080,2026-01-03,-3,tier-3,Diploma,2.2,4.47,3,1,84.3,N,laptop,ngo_outreach,free,31,0,,,0
L-00486,2026-03-13,22,2,High School,6.0,2.71,0,3,40.0,N,Laptop,instagram,scholarship,13,FALSE,,n/a,0
L-01522,2026-01-23,24,2,Diploma,,2.68,3,5,41.0,Yes,Laptop,school_partner,scholarship,14,Y,57.9,n/a,1
L-01937,19-01-2026,18,2,Bachelors,10.0,4.02,5,7,53.0,no,mobile,school_partner,scholarship,35,TRUE,,,0
L-00024,28/05/2026,24,3,,8.3,3.23,5,0,74.6,Y,mobile,youtube,free,15,Y,77.9,duplicate?  check,1
L-01663,2026-04-06,18,,High School,6.3,3.46,5,0,46.9,0,desktop,school_partner,scholarship,14,yes,72.6,,1
L-00247,25-04-2026,19,1,Bachelors,2.6,4.5,4,2,57.3,0,desktop,instagram,scholarship,11,FALSE,,,0
L-02613,09-01-2026,24,1,Bachelors,7.9,2.12,1,1,60.6,no,desktop,instagram,free,32,No,,,0
L-02091,02-02-2026,22,1,Bachelors,12.0,1.61,2,2,0.0,TRUE,mobile,instagram,paid,37,N,,follow up next intake,0
L-02580,27-03-2026,23,1,Bachelors,2.8,2.98,5,0,36.6,1,mobile,youtube,scholarship,17,1,87.2,n/a,1
L-02513,18/06/2026,22,,Diploma,10.9,5.77,3,5,66.3,N,mobile,youtube,scholarship,26,0,,-,0
L-01799,2026-02-24,19,2,High School,4.7,0.73,4,6,29.5,FALSE,tablet,youtube,free,16,No,43.5,asked about certificate,0
L-00650,2026-05-13,26,2,Diploma,9.8,2.36,1,3,75.1,Yes,Laptop,other,scholarship,11,No,45.5,n/a,0
L-02512,25-03-2026,27,3,High School,10.2,2.65,1,5,14.3,0,mobile,school_partner,paid,7,0,,,0
L-01106,2026-01-26,18,3,High-School,6.5,2.83,5,0,73.8,1,laptop,school_partner,scholarship,33,No,,-,0
L-01227,2026-03-22,28,2,High School,4.7,2.05,3,2,37.8,TRUE,laptop,instagram,free,20,no,80.1,,1
L-00987,2026-03-10,18,2,Masters,5.7,2.53,6,5,60.2,0,laptop,instagram,scholarship,15,FALSE,,asked about certificate,0
L-00232,02/01/2026,20,1,Diploma,3.1,2.28,0,1,25.4,Y,tablet,friend,paid,43,No,41.1,,0
L-01728,2026-01-10,19,T2,Master's,5.9,3.46,0,1,14.1,FALSE,MOBILE,school_partner,paid,38,No,,-,0
L-00796,2026-02-08,21,2,Bachelor's,9.9,3.22,7,3,51.3,N,mobile,ngo_outreach,free,5,N,,duplicate?  check,0
L-01625,2026-04-23,19,Tier 3,Diploma,4.5,5.65,8,1,28.3,No,phone,instagram,scholarship,19,Yes,69.8,asked about certificate,1
L-00749,2026-06-13,17,2,Bachelors,8.5,1.96,1,0,22.8,Yes,PC,school_partner,paid,44,N,,requested extension,0
L-00333,2026-03-28,24,1,High School,4.7,2.68,2,1,2.2,,laptop,instagram,scholarship,23,FALSE,,called on phone,0
L-01493,2026-01-04,17,2,bachelor degree,9.8,2.17,4,2,36.8,FALSE,desktop,friend,free,15,No,,asked about certificate,0
L-00032,17/06/2026,20,3,Diploma,7.9,3.45,8,6,55.3,no,mobile,school_partner,free,17,N,,,0
L-00564,23-04-2026,32,1,High School,9.1,2.56,2,5,86.2,FALSE,tablet,friend,free,33,no,,,0
L-01791,2026-01-11,15,3,High School,4.5,5.68,6,7,49.1,N,mobile,instagram,scholarship,15,Y,75.0,n/a,1
L-02723,22/05/2026,20,2,Diploma,4.5,1.3,1,5,45.8,no,laptop,instagram,free,22,FALSE,44.0,duplicate?  check,0
L-00271,2026-04-01,21,2,Bachelors,8.7,,0,2,59.4,No,mobile,ngo_outreach,scholarship,7,0,41.0,n/a,0
L-00632,10/03/2026,20,1,Diploma,7.0,3.54,8,3,45.4,No,mobile,friend,free,18,yes,78.0,n/a,1
L-00385,2026-05-16,18,T1,High School,7.2,2.04,3,3,52.0,No,laptop,instagram,paid,24,TRUE,68.0,follow up next intake,1
L-02215,2026-01-12,22,1,Bachelors,14.0,0.59,3,4,21.4,No,laptop,school_partner,free,30,No,,n/a,0
L-00950,2026-03-14,26,T2,Masters,6.8,,5,1,58.9,TRUE,desktop,friend,scholarship,29,1,81.3,n/a,1
L-01669,2026-06-11,18,1,,9.3,3.2,2,6,37.6,yes,notebook,instagram,free,23,No,,asked about certificate,0
L-00715,2026-04-21,22,1,Bachelors,8.6,2.89,4,2,0.0,yes,mobile,instagram,scholarship,38,0,,,0
L-02494,2026-01-15,20,2,Diploma,11.2,5.57,3,4,,N,mobile,youtube,paid,9,TRUE,88.4,follow up next intake,1
L-01842,2026-01-24,19,1,Bachelors,5.8,4.14,5,8,32.7,1,mobile,youtube,paid,11,1,58.7,,1
L-00938,2026-04-10,16,2,Diploma,3.2,2.65,6,6,41.3,no,mobile,instagram,free,19,No,,,0
L-00099,2026-04-20,29,2,Bachelors,5.7,3.82,2,2,38.1,FALSE,laptop,youtube,paid,21,No,,,0
L-00901,2026-02-03,23,3,High School,1.0,2.0,0,3,37.8,FALSE,desktop,school_partner,free,20,N,,,0
L-02582,2026-06-12,15,1,Bachelors,5.1,3.58,0,1,11.7,Y,phone,instagram,free,8,No,,,0
L-02702,2026-03-11,25,2,highschool,11.0,4.6,7,2,84.1,Y,mobile,ngo_outreach,free,7,yes,94.5,-,1
L-01520,2026-04-12,25,1,Other,10.0,3.41,3,1,57.4,Yes,laptop,instagram,scholarship,2,N,,,0
L-01650,2026-03-05,,2,Masters,9.5,5.13,8,3,59.3,Yes,mobile,school_partner,free,20,N,,,0
L-01359,2026-03-10,15,T1,Bachelors,6.4,3.25,2,8,,no,laptop,school_partner,free,4,TRUE,84.6,,1
L-01735,2026-06-15,23,2,bachelors,13.1,3.38,6,9,,No,mobile,instagram,scholarship,3,No,,asked about certificate,0
L-02186,2026-01-01,23,2,High School,12.8,3.93,0,0,,N,mobile,youtube,paid,13,no,,,0
L-00307,2026-01-25,16,2,Bachelors,14.8,4.5,8,11,25.4,No,laptop,instagram,paid,18,0,35.7,,0
L-01596,2026-05-25,18,tier-2,other,7.0,2.7,0,0,30.0,TRUE,laptop,school_partner,free,13,N,50.6,,0
L-02175,24-01-2026,21,2,High School,12.1,2.43,4,2,86.1,No,Mobile,ngo_outreach,free,17,Yes,84.0,,1
L-02516,2026-01-27,23,T2,bachelors,1.0,4.04,2,0,10.5,0,Tablet,school_partner,free,30,0,,,0
L-02384,2026-03-02,18,1,Bachelors,4.1,1.9,3,4,25.2,0,mobile,other,scholarship,11,No,,asked about certificate,0
L-02377,2026-06-26,25,tier-1,High School,2.3,3.11,7,3,19.9,no,mobile,school_partner,paid,4,TRUE,69.6,,1
L-01401,2026-06-04,,1,Diploma,13.2,2.54,5,4,21.4,1,laptop,school_partner,paid,31,TRUE,79.3,follow up next intake,1
L-02444,2026-02-14,19,3,Diploma,4.0,2.09,3,1,61.4,0,notebook,school_partner,free,32,FALSE,,,0
L-01032,2026-06-11,22,2,Bachelors,7.1,2.28,2,1,6.2,No,Tablet,school_partner,scholarship,21,N,,n/a,0
L-00774,2026-01-01,20,1,HS,10.6,3.83,8,1,19.0,FALSE,notebook,instagram,paid,26,1,80.4,duplicate?  check,1
L-01778,2026-04-19,16,Tier 2,Bachelors,7.5,5.46,5,10,60.3,0,desktop,instagram,free,4,TRUE,86.7,called on phone,1
L-02747,12-01-2026,17,1,Bachelors,10.4,0.0,2,1,29.3,1,laptop,friend,free,32,N,39.5,called on phone,0
L-00508,18-06-2026,19,T3,Bachelor's,9.6,1.46,0,0,1.8,FALSE,mobile,youtube,scholarship,39,0,,n/a,0
L-00027,2026-03-15,26,Tier 3,High School,14.4,3.08,4,4,66.0,TRUE,notebook,instagram,free,26,TRUE,86.6,asked about certificate,1
L-00306,07-01-2026,21,1,Diploma,6.9,4.23,0,6,40.8,1,desktop,friend,scholarship,18,No,,,0
L-00245,2026-03-07,15,2,High School,8.3,5.3,2,7,77.2,TRUE,desktop,ngo_outreach,scholarship,6,0,62,-,0
L-01731,2026-05-14,22,2,Bachelors,6.9,1.27,4,4,18.9,yes,mobile,friend,free,34,no,,duplicate?  check,0
L-02209,2026-05-27,27,2,HS,3.1,2.06,1,1,19.6,1,desktop,ngo_outreach,free,35,FALSE,,-,0
L-00274,2026-04-16,15,1,Bachelors,11.7,1.34,4,6,66.8,Y,laptop,instagram,paid,4,No,,,0
L-02126,2026-01-27,22,1,Diploma,3.0,0.13,3,6,62.8,0,PC,instagram,paid,35,no,,,0
L-00683,11/05/2026,21,1,Bachelors,4.6,4.14,3,2,41.2,no,laptop,youtube,free,13,FALSE,,,0
L-00594,2026-03-19,23,2,High-School,11.6,2.28,4,4,0.0,Y,notebook,other,free,45,N,,,0
L-01009,2026-04-18,22,3,Bachelors,7.0,3.86,10,3,51.8,yes,laptop,friend,paid,15,1,77.5,,1
L-00614,2026-02-10,,3,Bachelors,8.4,3.65,0,2,17.0,FALSE,laptop,friend,free,30,TRUE,,asked about certificate,0
L-02791,26-02-2026,18,tier-3,highschool,2.2,2.7,4,2,28.4,N,laptop,ngo_outreach,free,11,no,,n/a,0
L-02129,2026-02-09,24,2,Masters,7.4,3.69,8,7,71.9,FALSE,mobile,school_partner,scholarship,7,TRUE,71.7,,1
L-02552,12/01/2026,21,3,Masters,2.1,6.13,5,3,64.7,Yes,Desktop,school_partner,free,39,yes,100,asked about certificate,1
L-02168,2026-03-04,23,1,Bachelors,7.0,4.22,7,2,63.0,Y,mobile,ngo_outreach,free,3,FALSE,,,0
L-02551,2026-01-19,20,tier-3,Other,10.6,2.22,3,2,100.0,No,desktop,other,paid,12,No,,follow up next intake,0
L-01513,2026-05-23,24,2,Bachelors,,2.99,2,0,36.7,0,desktop,school_partner,scholarship,20,FALSE,50.4,,0
L-00752,2026-02-28,22,T2,highschool,6.6,3.36,1,0,61.6,no,MOBILE,school_partner,scholarship,30,no,,,0
L-02195,2026-01-20,22,1,High School,,5.8,3,0,39.5,yes,mobile,youtube,paid,4,Y,59.9,called on phone,1
L-02189,17-03-2026,22,Tier 2,High School,9.7,,4,5,58.9,yes,notebook,ngo_outreach,scholarship,33,Y,90.2,follow up next intake,1
L-00076,2026-06-08,17,Tier 2,,4.0,0.35,1,4,24.3,FALSE,mobile,instagram,paid,13,FALSE,,n/a,0
L-00865,2026-03-27,22,1,Diploma,11.6,1.0,5,3,,0,notebook,instagram,scholarship,17,FALSE,33.1,follow up next intake,0
L-01853,28-02-2026,18,Tier 1,High School,2.7,2.11,3,3,,N,tablet,school_partner,free,14,no,,requested extension,0
L-00176,18-04-2026,27,2,other,10.3,3.72,4,5,71.0,0,mobile,youtube,free,7,N,,n/a,0
L-02345,2026-01-19,21,2,High School,220.3,2.77,3,5,21.4,Yes,Desktop,youtube,scholarship,49,no,,-,0
L-01287,2026-05-02,22,1,Masters,5.6,4.87,10,7,80.6,No,mobile,instagram,free,0,yes,72.0,called on phone,1
L-00444,2026-02-28,21,Tier 2,Bachelors,,2.18,0,2,,,desktop,instagram,paid,26,No,,follow up next intake,0
L-02086,2026-06-11,24,2,Bachelors,4.1,3.22,7,8,79.8,yes,laptop,instagram,scholarship,4,Y,93.2,,1
L-02197,2026-03-03,15,2,Other,12.7,4.99,4,7,20.4,No,laptop,ngo_outreach,free,16,no,,requested extension,0
L-02062,2026-05-15,25,3,Diploma,5.3,3.63,2,1,38.9,yes,phone,friend,free,27,TRUE,74.8,-,1
L-01577,2026-06-11,16,1,Diploma,5.4,3.21,1,0,22.1,Yes,mobile,school_partner,scholarship,28,yes,96.2,,1
L-00441,06-04-2026,18,1,High School,7.4,5.15,4,0,46.5,,laptop,school_partner,free,4,Yes,,,0
L-00741,2026-04-17,19,2,highschool,2.9,2.01,5,1,34.2,Yes,mobile,friend,scholarship,8,Yes,64.4,-,1
L-01376,2026-03-05,24,1,Diploma,14.0,2.94,2,6,18.2,No,desktop,instagram,free,27,0,,,0
L-02665,2026-05-15,17,1,Bachelors,4.3,,2,2,53.8,Yes,mobile,friend,free,3,no,,,0
L-01131,2026-06-07,28,2,Other,12.8,3.76,5,7,38.3,Yes,MOBILE,school_partner,scholarship,2,Y,88.8,duplicate?  check,1
L-01852,16/01/2026,23,2,High School,5.4,1.57,3,4,37.7,no,phone,instagram,free,6,yes,100,called on phone,1
L-00786,11-06-2026,20,3,,4.1,3.47,5,6,37.1,N,mobile,instagram,free,14,N,,follow up next intake,0
L-01636,2026-02-13,27,2,High School,4.5,2.45,5,2,72.5,yes,mobile,friend,free,30,N,,,0
L-01308,2026-05-17,20,2,High School,7.8,4.6,3,6,72.3,no,mobile,youtube,scholarship,16,TRUE,71.5,n/a,1
L-00173,2026-02-27,20,2,Masters,10.4,0.1,5,0,22.3,yes,desktop,friend,scholarship,21,no,,asked about certificate,0
L-00056,2026-05-13,22,1,Other,9.7,0.5,3,1,10.8,TRUE,laptop,school_partner,scholarship,20,No,,,0
L-00905,21/06/2026,22,T2,,8.9,0.0,0,4,7.9,yes,phone,youtube,free,24,No,,,0
L-01342,2026-01-03,26,1,High School,7.8,6.71,5,2,66.5,,desktop,youtube,scholarship,2,Yes,75.6,,1
L-01001,01-01-2026,23,Tier 1,Bachelors,6.2,4.35,5,10,69.6,Yes,desktop,other,scholarship,30,Yes,88.2,-,1
L-02109,2026-05-26,22,T3,Bachelors,8.2,3.22,8,7,52.3,Yes,Laptop,school_partner,free,1,1,83.9,-,1
L-00878,2026-06-22,21,tier-2,Bachelors,5.3,4.45,6,1,74.4,0,mobile,ngo_outreach,free,0,Yes,86.7,n/a,1
L-02518,2026-01-07,25,1,Masters,7.2,2.81,2,1,105.3,Yes,tablet,friend,free,29,no,,follow up next intake,0
L-02742,2026-04-21,24,1,Diploma,8.4,0.0,2,4,41.7,0,mobile,youtube,free,32,No,,asked about certificate,0
L-02302,2026-06-24,18,2,Diploma,6.8,2.45,5,2,86.6,no,PC,school_partner,scholarship,8,Yes,76.1,called on phone,1
L-00352,2026-04-03,15,1,,8.7,5.4,7,7,47.6,no,mobile,friend,free,31,No,,n/a,0
L-00772,14/05/2026,18,T2,Bachelor's,,1.58,3,1,70.9,Yes,phone,friend,free,23,Yes,75.0,,1
L-01140,2026-01-26,19,3,DIPLOMA,4.4,2.92,3,4,23.7,no,mobile,ngo_outreach,free,10,0,,-,0
L-00381,2026-02-09,18,tier-2,High School,6.0,4.72,8,0,66.2,N,tablet,school_partner,scholarship,19,1,79.6,,1
L-01766,2026-01-22,29,1,masters,8.1,3.25,4,2,64.2,Y,mobile,instagram,scholarship,8,no,,,0
L-01454,28/03/2026,31,2,B.Tech,,4.55,4,3,83.7,N,mobile,friend,paid,10,Y,91.4,asked about certificate,1
L-00621,2026-01-09,23,Tier 2,Bachelor's,1.1,2.0,1,6,12.0,Y,laptop,instagram,free,15,No,,-,0
L-01639,20/02/2026,19,Tier 3,High School,,3.83,2,4,60.2,Yes,phone,youtube,paid,28,N,,,0
L-02426,2026-05-15,18,2,High School,6.9,3.39,3,1,76.5,0,mobile,instagram,free,12,yes,59.2,n/a,1
L-02735,2026-06-06,19,3,High School,10.9,4.46,2,2,34.7,0,tablet,school_partner,paid,17,TRUE,92.7,asked about certificate,1
L-00509,24-01-2026,28,2,High School,6.9,4.07,3,1,42.0,0,notebook,school_partner,scholarship,22,no,,,0
L-02227,2026-02-01,17,3,HS,8.1,3.57,1,3,84.7,no,mobile,instagram,paid,19,TRUE,79.1,-,1
L-00371,2026-03-07,15,3,Other,4.1,1.98,7,1,99.1,No,laptop,school_partner,free,7,1,63.8,requested extension,1
L-01953,2026-01-07,199,3,Bachelors,14.9,2.82,6,10,44.8,0,Mobile,friend,scholarship,26,TRUE,75.4,,1
L-01226,2026-01-26,,T2,High School,9.5,2.81,3,6,86.5,1,laptop,instagram,paid,10,N,,,0
L-02642,02-04-2026,24,2,Bachelors,5.5,2.7,6,10,51.3,0,laptop,instagram,paid,14,Y,81.4,asked about certificate,1
L-02076,02-03-2026,21,2,Bachelors,,3.76,5,2,1.1,1,mobile,instagram,paid,15,Yes,83.8,,1
L-01828,2026-02-16,27,T3,Diploma,11.6,3.34,7,3,,TRUE,Mobile,youtube,paid,2,Yes,77.9,follow up next intake,1
L-00686,2026-03-23,30,2,other,4.8,4.13,4,11,55.0,TRUE,desktop,friend,free,7,Yes,79.6,n/a,1
L-02351,2026-04-25,26,1,,8.3,1.62,1,2,48.3,1,phone,youtube,scholarship,19,N,,requested extension,0
L-01539,2026-03-25,,2,Bachelors,3.8,,8,6,58.8,yes,mobile,instagram,free,18,0,,,0
L-02307,21-05-2026,21,Tier 3,Masters,1.0,,5,5,37.6,N,laptop,youtube,free,16,1,83.5,requested extension,1
L-02110,2026-01-14,17,1,Bachelors,3.4,2.22,3,2,71.1,no,mobile,instagram,paid,24,N,,n/a,0
L-02341,18-06-2026,22,3,High School,3.1,3.83,7,6,78.9,TRUE,mobile,other,scholarship,22,yes,77.6,,1
L-01421,2026-01-09,23,1,Bachelors,8.8,5.31,3,7,22.8,0,mobile,friend,free,15,N,,follow up next intake,0
L-01550,2026-05-12,,2,Other,10.0,5.71,2,5,41.0,FALSE,mobile,ngo_outreach,free,19,No,,duplicate?  check,0
L-00495,04-04-2026,22,3,High School,6.8,5.23,7,2,79.5,1,MOBILE,instagram,scholarship,2,TRUE,75.9,,1
L-01794,25-06-2026,24,2,High School,,2.6,5,1,58.0,No,laptop,school_partner,scholarship,7,1,80.3,asked about certificate,1
L-00931,2026-01-24,17,T2,DIPLOMA,11.4,3.88,6,0,85.7,FALSE,Mobile,instagram,free,17,1,87.0,,1
L-01349,2026-04-07,,3,High School,6.5,3.87,2,1,32.1,N,notebook,youtube,paid,24,No,,asked about certificate,0
L-00764,2026-06-03,24,2,High School,7.1,2.1,4,5,40.6,0,mobile,youtube,scholarship,23,No,,follow up next intake,0
L-01546,2026-04-01,23,2,Bachelors,10.5,2.81,5,1,63.4,Yes,desktop,instagram,scholarship,11,FALSE,,n/a,0
L-01688,2026-02-24,,1,Diploma,10.6,1.78,1,1,34.3,yes,mobile,instagram,free,10,N,,,0
L-01385,2026-05-16,26,tier-2,,8.5,0.42,3,3,39.3,Y,mobile,friend,free,44,No,,duplicate?  check,0
L-02087,2026-06-08,18,1,M.Sc,9.4,2.52,3,1,22.9,TRUE,laptop,friend,paid,1,0,,duplicate?  check,0
L-01407,2026-04-21,23,3,B.Tech,4.6,3.54,4,3,50.2,N,mobile,ngo_outreach,paid,18,no,,,0
L-00640,2026-05-27,25,1,Bachelors,9.5,0.52,2,5,36.7,No,Laptop,youtube,free,43,no,,,0
L-01278,2026-01-11,24,1,Bachelors,4.1,4.8,6,8,47.3,0,mobile,ngo_outreach,free,34,1,59.9,,1
L-01116,2026-01-20,20,2,Other,2.1,0.0,0,4,6.2,FALSE,desktop,youtube,paid,59,FALSE,,called on phone,0
L-01918,14-01-2026,15,2,Masters,7.5,2.45,5,2,33.6,0,desktop,instagram,paid,13,FALSE,,,0
L-02646,2026-01-26,15,3,Diploma,5.3,5.27,5,2,52.5,FALSE,mobile,youtube,free,23,no,,duplicate?  check,0
L-02789,01-05-2026,23,1,Bachelors,4.2,5.31,3,2,26.5,Y,tablet,other,paid,42,1,79.9,n/a,1
L-00873,2026-06-02,29,2,High School,3.0,3.91,7,2,59.8,0,mobile,friend,paid,12,FALSE,,duplicate?  check,0
L-02016,2026-06-10,20,2,Masters,9.0,3.27,5,1,40.0,,laptop,youtube,free,16,N,,called on phone,0
L-00314,2026-01-20,28,2,Masters,5.8,3.33,5,8,50.5,TRUE,laptop,instagram,paid,11,1,79.4,-,1
L-01157,18-01-2026,24,3,Masters,272.8,3.01,6,2,47.9,Y,laptop,youtube,free,8,yes,69.1,duplicate?  check,1
L-00735,2026-03-16,15,2,High School,9.5,2.84,4,2,52.6,1,desktop,youtube,free,8,0,,,0
L-01622,2026-04-12,20,3,DIPLOMA,2.9,1.49,0,3,0.0,No,mobile,youtube,scholarship,40,N,,asked about certificate,0
L-01671,2026-06-17,28,2,High School,3.4,5.37,3,2,29.6,,laptop,youtube,scholarship,16,0,,requested extension,0
L-01875,2026-06-19,24,Tier 1,Bachelors,10.0,3.47,6,1,97.2,TRUE,mobile,friend,paid,21,1,83.5,-,1
L-02599,2026-04-14,,2,Diploma,7.6,5.2,3,5,64.3,No,mobile,school_partner,scholarship,3,Yes,71.5,n/a,1
L-01902,10-03-2026,17,2,Diploma,12.5,1.78,7,4,53.5,0,mobile,school_partner,free,24,TRUE,73.4,,1
L-01472,2026-01-25,24,1,Bachelors,9.5,0.56,2,4,65.7,N,Laptop,ngo_outreach,scholarship,18,FALSE,,,0
L-01530,05/05/2026,15,tier-2,High School,9.1,2.5,1,2,50.0,FALSE,mobile,school_partner,paid,14,No,,requested extension,0
L-02121,2026-04-04,25,tier-2,High School,5.4,3.48,2,1,,FALSE,mobile,instagram,free,35,0,,,0
L-00338,21/05/2026,24,3,Masters,13.6,2.6,2,4,80.4,0,laptop,instagram,free,5,TRUE,85.7,n/a,1
L-02727,09/02/2026,23,2,Bachelors,,6.07,5,7,29.3,1,PC,school_partner,paid,19,FALSE,,follow up next intake,0
L-02331,2026-01-21,,3,Bachelors,15.8,3.73,5,0,14.6,N,mobile,instagram,free,15,no,,,0
L-02363,2026-06-10,23,1,High School,2.7,2.34,4,2,,No,desktop,instagram,scholarship,19,no,,,0
L-02295,04-04-2026,22,3,Diploma,6.6,2.25,2,1,102.0,No,mobile,friend,free,24,FALSE,,,0
L-02410,2026-04-04,26,2,Bachelors,10.8,3.48,3,0,47.5,FALSE,desktop,instagram,paid,4,Yes,79.0,follow up next intake,1
L-00995,2026-04-01,21,tier-1,High School,5.8,3.92,3,3,71.3,TRUE,Tablet,instagram,scholarship,6,FALSE,,,0
L-02356,10-04-2026,18,2,bachelor degree,5.3,3.39,3,5,61.8,FALSE,mobile,youtube,free,11,No,47.7,,0
L-02321,2026-06-02,0,1,DIPLOMA,7.5,2.03,0,1,26.3,0,Mobile,school_partner,free,20,FALSE,,,0
L-01271,2026-04-20,26,2,masters,10.1,4.21,4,1,55.5,,laptop,youtube,paid,2,Yes,77.6,,1
L-00171,2026-04-11,,tier-3,Diploma,7.4,1.71,5,1,74.1,No,desktop,instagram,scholarship,20,0,,,0
L-00831,2026-01-05,16,Tier 3,Diploma,6.8,,3,1,0.2,,mobile,other,scholarship,21,no,29.1,requested extension,0
L-02677,2026-03-17,33,1,High School,4.4,3.25,5,1,52.9,no,mobile,friend,paid,18,TRUE,83.0,asked about certificate,1
L-00011,09-06-2026,,,Diploma,8.8,2.85,3,2,24.3,TRUE,mobile,friend,scholarship,19,no,,,0
L-01119,21-06-2026,30,1,HS,6.5,3.6,2,3,83.4,Yes,tablet,school_partner,free,19,TRUE,54.7,-,1
L-01847,15/06/2026,24,2,,16.8,3.2,5,0,97.6,Y,phone,friend,paid,23,Yes,73.2,asked about certificate,1
L-02292,2026-02-22,199,3,High School,12.0,3.49,2,1,75.4,yes,mobile,instagram,paid,12,No,,requested extension,0
L-01818,2026-01-25,21,T2,,10.2,3.33,2,2,39.1,FALSE,laptop,other,paid,7,Yes,73.5,requested extension,1
L-00340,09-03-2026,19,1,Masters,12.0,3.99,6,7,27.9,Yes,mobile,friend,scholarship,22,yes,68.2,,1
L-00859,05/02/2026,24,2,Bachelors,10.0,,4,4,84.8,No,PC,other,paid,12,no,,duplicate?  check,0
L-00563,2026-03-03,17,1,High School,,3.83,0,7,25.0,Y,desktop,instagram,scholarship,25,0,,,0
L-01586,10-01-2026,19,3,High School,8.2,,8,4,51.3,Y,mobile,school_partner,free,16,1,72.2,,1
L-01715,2026-01-22,18,T3,bachelors,7.3,0.95,0,3,47.5,Y,mobile,instagram,free,12,no,,follow up next intake,0
L-01199,10-02-2026,25,1,Diploma,8.7,1.87,6,2,85.6,no,mobile,school_partner,scholarship,4,Yes,81.5,requested extension,1
L-02208,2026-01-05,22,T1,M.Sc,9.5,1.8,8,5,49.8,Yes,laptop,youtube,scholarship,12,Y,86.1,n/a,1
L-02320,2026-05-17,31,1,Diploma,6.3,6.48,5,7,84.8,TRUE,mobile,school_partner,scholarship,9,1,74.1,n/a,1
L-01292,07-04-2026,19,,,7.0,1.11,7,1,23.4,Yes,Laptop,school_partner,paid,8,Y,80.8,asked about certificate,1
L-02683,2026-01-22,28,,High School,8.4,1.65,3,3,0.0,no,mobile,friend,paid,8,No,,duplicate?  check,0
L-00469,12-02-2026,19,3,High School,13.6,7.0,6,10,58.7,No,phone,instagram,paid,16,Yes,61.7,duplicate?  check,1
L-00361,06/04/2026,22,2,Diploma,1.0,5.2,5,7,29.1,Yes,laptop,instagram,paid,10,no,,follow up next intake,0
L-02286,2026-05-06,21,3,other,4.0,,1,0,7.8,Yes,laptop,ngo_outreach,free,42,FALSE,,follow up next intake,0
L-02437,2026-03-19,18,1,Other,9.8,3.14,4,1,69.9,N,mobile,ngo_outreach,free,18,yes,72.7,,1
L-00572,2026-04-28,19,,Bachelors,10.5,3.0,9,6,57.6,0,mobile,instagram,free,25,No,,called on phone,0
L-01051,2026-06-12,28,2,Diploma,10.8,5.47,8,1,77.6,FALSE,mobile,instagram,paid,14,Y,77.3,,1
L-02417,2026-02-26,26,2,High School,9.2,2.2,7,1,51.5,no,mobile,youtube,free,25,0,,requested extension,0
L-02589,2026-02-09,18,tier-1,highschool,7.0,1.04,0,2,74.6,1,mobile,school_partner,free,3,N,48.9,,0
L-02222,2026-05-01,23,1,Other,4.3,4.61,6,9,84.3,Y,mobile,youtube,scholarship,7,yes,74.0,,1
L-01841,2026-06-02,,Tier 2,Diploma,1.0,2.21,0,1,0.0,FALSE,mobile,youtube,free,26,no,,-,0
L-02590,2026-03-17,19,2,Bachelors,,2.19,10,5,83.5,FALSE,mobile,instagram,paid,2,yes,72.6,-,1
L-01450,14-03-2026,24,2,High School,9.2,5.11,3,5,39.8,0,laptop,ngo_outreach,paid,2,no,,follow up next intake,0
L-01384,2026-02-17,21,1,High School,8.0,3.34,8,9,62.1,yes,desktop,youtube,scholarship,16,1,67.7,follow up next intake,1
L-02454,08-01-2026,19,2,Bachelors,9.7,0.0,0,2,37.2,FALSE,Mobile,school_partner,scholarship,18,N,,follow up next intake,0
L-00451,2026-03-07,26,1,High School,2.5,,5,0,19.6,TRUE,desktop,friend,free,9,FALSE,,,0
L-01378,2026-02-22,25,2,Master's,2.8,,4,3,0.0,N,mobile,instagram,paid,14,1,78.9,,1
L-01121,2026-06-03,22,2,,2.9,2.45,3,1,,no,laptop,instagram,free,20,TRUE,71.0,,1
L-01145,2026-03-06,22,1,Bachelors,10.1,2.4,0,2,36.7,Yes,laptop,instagram,free,12,No,,,0
L-01095,2026-01-24,21,2,Bachelors,5.8,2.34,4,5,58.3,N,laptop,school_partner,scholarship,5,No,,-,0
L-02183,2026-06-08,22,3,Diploma,2.5,2.59,2,1,15.7,1,mobile,other,free,25,N,,n/a,0
L-01445,20-01-2026,-3,3,Bachelors,8.3,4.32,4,7,72.3,yes,mobile,ngo_outreach,scholarship,52,TRUE,75.1,,1
L-01374,2026-04-15,21,1,Bachelors,6.0,2.54,5,2,52.1,Y,desktop,ngo_outreach,free,16,FALSE,,requested extension,0
L-00869,2026-05-19,27,1,Bachelor's,8.6,1.51,0,1,0.4,yes,desktop,instagram,scholarship,36,No,,,0
L-02328,2026-06-13,15,2,Bachelors,8.7,2.39,4,1,,No,laptop,friend,scholarship,34,0,,,0
L-01246,2026-04-28,17,Tier 1,Bachelors,9.6,6.46,7,2,67.5,Y,mobile,other,free,2,TRUE,68.7,follow up next intake,1
L-02428,2026-05-09,16,3,Bachelors,7.7,1.19,4,2,23.3,no,laptop,youtube,free,9,N,,asked about certificate,0
L-02337,2026-03-14,20,Tier 2,Bachelors,7.8,1.62,0,7,44.2,No,desktop,school_partner,scholarship,42,no,,,0
L-00438,2026-03-21,20,2,Bachelors,5.8,3.46,3,0,39.3,,laptop,instagram,paid,17,yes,64.1,follow up next intake,1
L-02651,07-03-2026,25,1,bachelors,13.3,3.32,7,8,,1,laptop,instagram,scholarship,20,Yes,90.4,-,1
L-00726,2026-05-15,30,1,Masters,3.5,2.63,4,1,21.5,N,laptop,instagram,scholarship,37,No,39.2,n/a,0
L-01776,2026-01-24,33,2,Bachelors,9.4,4.84,7,3,71.4,0,mobile,youtube,paid,4,TRUE,80.0,,1
L-00513,2026-01-21,17,3,High School,9.6,4.93,8,6,88.3,no,mobile,instagram,scholarship,19,Yes,75.2,asked about certificate,1
L-00453,13/02/2026,,3,High School,12.9,4.93,7,2,70.3,No,mobile,youtube,paid,2,1,81.6,,1
L-01921,13-05-2026,20,2,bachelors,,5.92,7,7,57.8,0,mobile,school_partner,free,3,yes,81.5,duplicate?  check,1
L-02708,10/03/2026,23,1,Bachelors,8.7,2.17,6,1,75.0,,laptop,instagram,free,20,yes,81.1,,1
L-00445,2026-06-28,18,1,Bachelors,15.6,2.96,1,3,0.0,Yes,laptop,instagram,free,15,N,,asked about certificate,0
L-01130,19-02-2026,15,Tier 2,Diploma,13.1,3.04,5,6,71.5,No,desktop,friend,scholarship,25,N,,n/a,0
L-02395,28-05-2026,28,2,Masters,7.5,0.34,0,6,6.7,No,laptop,ngo_outreach,scholarship,35,No,38.6,called on phone,0
L-01442,2026-03-18,23,3,Masters,8.0,5.7,8,1,89.4,No,mobile,youtube,paid,10,TRUE,91.1,called on phone,1
L-02553,2026-06-10,20,1,High School,9.3,1.63,1,4,29.0,TRUE,laptop,instagram,scholarship,34,0,60.8,requested extension,0
L-01265,15/01/2026,,2,High School,13.9,5.4,4,1,32.3,TRUE,desktop,youtube,free,36,No,42.6,duplicate?  check,0
L-01845,01-04-2026,17,Tier 2,,2.7,4.69,3,3,49.4,N,tablet,school_partner,free,6,No,,n/a,0
L-02213,2026-04-21,15,,High School,,2.45,5,3,46.4,0,mobile,friend,free,22,N,51.2,,0
L-00208,2026-04-10,22,1,high school,2.0,3.48,4,2,51.5,1,mobile,other,scholarship,16,no,47.7,,0
L-02623,2026-05-21,17,2,Bachelors,1.5,3.2,0,3,48.5,Y,laptop,friend,scholarship,28,1,73.8,,1
L-01052,09-04-2026,17,1,Diploma,146.4,2.94,1,0,27.7,Y,laptop,instagram,free,28,N,,,0
L-00607,2026-06-12,29,1,other,2.7,3.38,5,9,100.0,No,laptop,youtube,free,32,TRUE,63.6,asked about certificate,1
L-01184,2026-05-06,23,Tier 2,unknown,13.6,5.82,3,3,37.6,no,desktop,other,scholarship,19,TRUE,45.6,asked about certificate,0
L-00331,2026-01-23,22,1,diploma,7.4,1.77,0,2,64.3,yes,mobile,school_partner,scholarship,14,no,,-,0
L-00347,2026-05-15,15,1,Bachelors,11.5,,4,3,18.3,Yes,tablet,youtube,scholarship,35,No,,requested extension,0
L-02154,2026-06-07,26,2,High School,8.6,3.67,4,2,76.6,Yes,mobile,school_partner,free,6,No,,follow up next intake,0
L-01674,2026-03-09,24,2,other,6.2,5.19,4,2,76.7,Yes,laptop,friend,paid,12,Y,76.3,,1
L-02718,2026-02-18,16,2,HS,8.6,4.36,4,5,78.1,TRUE,laptop,ngo_outreach,scholarship,16,TRUE,70.3,,1
L-02053,16-01-2026,15,1,Diploma,13.7,2.17,5,1,46.5,N,phone,instagram,free,2,FALSE,37.9,called on phone,0
L-00078,2026-04-28,18,3,High School,5.1,3.94,4,3,77.1,yes,Laptop,friend,scholarship,19,no,,-,0
L-02514,2026-03-18,23,1,diploma,6.1,4.44,2,2,37.6,FALSE,mobile,school_partner,paid,19,0,,duplicate?  check,0
L-01150,2026-04-22,15,tier-3,Bachelors,13.3,5.06,6,2,51.8,0,desktop,instagram,scholarship,16,Yes,72.7,,1
L-01599,2026-04-07,20,2,Bachelor's,2.1,4.95,6,3,29.0,0,mobile,ngo_outreach,free,25,yes,80.8,n/a,1
L-02088,2026-05-26,24,1,Other,8.8,3.03,6,2,91.2,no,laptop,other,paid,1,TRUE,58.9,duplicate?  check,1
L-00174,2026-02-14,15,2,High School,4.4,3.6,2,3,60.1,TRUE,laptop,school_partner,free,5,FALSE,,called on phone,0
L-02778,2026-04-20,19,3,High School,8.9,1.46,1,1,38.3,FALSE,mobile,ngo_outreach,free,41,No,,,0
L-01641,2026-02-24,,2,Bachelors,7.3,0.42,3,1,32.6,FALSE,mobile,instagram,free,22,No,,,0
L-01858,2026-03-03,17,1,Bachelors,7.0,4.18,3,4,77.5,N,laptop,instagram,free,14,Y,82.3,,1
L-01188,2026-01-20,18,2,Masters,8.3,5.08,7,4,92.7,FALSE,mobile,friend,free,2,TRUE,60.4,follow up next intake,1
L-02114,2026-06-08,,3,High School,10.9,2.06,9,1,38.8,no,laptop,school_partner,free,11,N,39.5,called on phone,0
L-01273,2026-06-06,25,,Bachelors,9.6,4.18,7,3,34.9,no,mobile,instagram,paid,23,No,,asked about certificate,0
L-00912,2026-03-02,,1,Other,6.8,4.11,5,7,100.0,Y,mobile,other,paid,10,yes,87.9,,1
L-02254,2026-04-27,21,1,Bachelors,10.8,2.05,2,1,30.8,TRUE,MOBILE,youtube,scholarship,32,FALSE,,,0
L-00723,13-05-2026,24,1,B.Tech,5.4,2.09,2,8,8.4,yes,Mobile,ngo_outreach,free,21,No,,,0
L-01720,19-02-2026,18,2,Bachelors,7.4,1.79,6,7,46.6,N,mobile,friend,scholarship,17,Y,88.3,duplicate?  check,1
L-00063,2026-02-22,16,3,Diploma,4.8,3.55,4,2,44.1,FALSE,Laptop,instagram,free,22,1,85.2,-,1
L-02100,2026-04-01,22,2,Masters,6.3,1.82,2,1,10.1,N,laptop,other,scholarship,2,0,,asked about certificate,0
L-02148,21/01/2026,21,3,highschool,14.9,3.82,5,3,76.5,0,mobile,school_partner,scholarship,27,TRUE,70.1,,1
L-01961,2026-01-18,15,1,Bachelors,,2.63,8,1,33.8,No,phone,friend,scholarship,1,Yes,84.8,requested extension,1
L-00834,28/03/2026,,1,High School,3.9,5.77,6,5,38.8,TRUE,laptop,instagram,free,35,No,,duplicate?  check,0
L-02045,2026-02-27,17,Tier 2,High School,4.4,0.08,0,3,53.0,N,mobile,friend,scholarship,5,0,,,0
L-02392,2026-01-18,24,3,HS,8.7,3.62,3,3,51.0,1,laptop,friend,free,9,N,,requested extension,0
L-00899,14-01-2026,17,2,highschool,5.2,0.0,0,7,36.5,No,laptop,instagram,free,55,0,,,0
L-00358,2026-01-23,15,2,Diploma,6.0,4.3,3,4,28.8,0,laptop,ngo_outreach,free,22,no,,duplicate?  check,0
L-01987,12-04-2026,19,T1,B.Tech,2.4,4.41,2,6,,0,desktop,friend,scholarship,3,yes,73.9,duplicate?  check,1
L-01188,2026-01-20,18,2,Masters,8.3,5.08,7,4,92.7,FALSE,mobile,friend,free,2,TRUE,60.4,follow up next intake,1
L-02678,2026-04-21,15,1,Diploma,9.9,3.08,3,1,55.2,TRUE,phone,school_partner,scholarship,5,no,55.5,requested extension,0
L-01578,2026-06-07,25,3,Masters,6.5,1.57,0,3,26.9,No,laptop,school_partner,scholarship,25,1,90.3,requested extension,1
L-02618,2026-02-06,25,3,Diploma,9.1,0.87,0,1,30.0,TRUE,Mobile,instagram,paid,25,0,,,0
L-02285,2026-05-20,15,1,High-School,11.6,2.16,2,3,31.6,0,laptop,school_partner,paid,37,no,,asked about certificate,0
L-02467,13/02/2026,24,1,High School,2.0,3.01,4,2,6.6,N,phone,ngo_outreach,free,18,FALSE,,,
L-00605,2026-03-26,17,1,Diploma,8.7,1.15,2,0,34.3,Y,laptop,friend,scholarship,28,N,,called on phone,0
L-00693,2026-05-26,27,1,Diploma,3.1,,4,9,48.9,,mobile,friend,scholarship,17,FALSE,,-,0
L-01033,08-03-2026,19,T1,Bachelors,8.7,4.54,5,2,45.0,yes,laptop,friend,scholarship,9,no,,asked about certificate,0
L-01432,2026-06-10,20,2,Diploma,5.2,2.06,4,4,25.3,1,laptop,friend,scholarship,19,FALSE,,follow up next intake,0
L-02390,2026-06-09,21,Tier 3,High School,8.9,0.31,1,5,38.8,no,mobile,instagram,free,37,FALSE,,,0
L-00773,28/02/2026,19,3,DIPLOMA,8.1,2.96,2,1,52.9,0,mobile,youtube,free,18,No,51.2,asked about certificate,0
L-00325,2026-01-24,29,3,diploma,7.3,1.86,0,7,15.1,FALSE,mobile,school_partner,free,31,No,,,0
L-00923,04-06-2026,23,1,Bachelors,12.1,4.41,4,4,65.9,1,MOBILE,friend,scholarship,23,TRUE,73.3,asked about certificate,1
L-00506,2026-02-06,24,1,Bachelor's,6.1,1.42,5,2,,N,mobile,school_partner,free,28,TRUE,19.5,,0
L-01714,2026-03-27,21,2,Diploma,1.0,3.04,7,4,48.7,No,mobile,school_partner,scholarship,6,yes,66.5,called on phone,1
L-01144,03/04/2026,22,3,diploma,10.2,3.05,4,7,65.8,TRUE,mobile,friend,free,7,No,41.2,n/a,0
L-00932,15-04-2026,20,2,Bachelors,8.7,3.54,7,3,31.9,N,tablet,youtube,free,6,TRUE,70.3,called on phone,1
L-00651,08/05/2026,19,2,B.Tech,7.6,4.08,8,4,100.0,N,mobile,instagram,scholarship,3,Y,94.9,,1
L-00743,20/06/2026,22,1,Bachelors,11.5,4.88,7,4,55.9,No,mobile,school_partner,scholarship,37,yes,87.7,follow up next intake,1
L-02655,2026-02-01,16,1,High School,6.2,2.87,4,2,11.7,yes,Desktop,instagram,paid,46,no,,,0
L-02705,20/05/2026,,T2,High School,10.7,3.85,5,2,49.9,yes,tablet,friend,paid,29,TRUE,65.6,,1
L-00384,03-03-2026,20,2,High School,4.3,4.57,4,0,43.0,FALSE,laptop,instagram,paid,13,No,,n/a,0
L-02364,2026-02-10,20,1,High School,6.0,3.76,7,8,63.2,No,mobile,school_partner,scholarship,10,TRUE,84.5,asked about certificate,1
L-02577,11-06-2026,25,2,DIPLOMA,6.7,2.81,0,1,19.5,FALSE,mobile,other,free,11,no,43.5,-,0
L-00269,24-03-2026,26,1,Other,8.1,3.43,10,8,77.1,1,tablet,ngo_outreach,free,7,Yes,80.7,,1
L-01168,2026-02-07,21,T3,bachelor degree,9.7,1.5,2,1,31.5,N,desktop,instagram,scholarship,20,N,,,0
L-01298,2026-04-15,23,3,High School,11.8,0.16,2,1,58.8,N,mobile,instagram,free,29,no,,,0
L-00924,2026-01-15,22,Tier 1,High School,2.5,4.63,6,4,114.8,no,laptop,school_partner,free,8,yes,78.5,asked about certificate,1
L-01039,2026-05-07,19,1,High School,5.8,3.83,5,7,,0,mobile,ngo_outreach,free,0,0,50.0,called on phone,0
L-02481,2026-01-24,,2,Bachelors,11.6,3.92,6,8,,FALSE,laptop,school_partner,free,13,yes,65.9,asked about certificate,1
L-01274,2026-02-08,16,2,masters,5.2,1.78,1,4,34.1,0,laptop,friend,scholarship,22,FALSE,,duplicate?  check,0
L-01932,2026-06-03,23,3,Bachelors,2.8,2.65,3,0,43.2,0,MOBILE,instagram,free,17,no,,asked about certificate,0
L-01652,2026-02-20,20,1,High School,5.9,5.38,8,6,49.9,no,MOBILE,instagram,free,11,TRUE,78.0,called on phone,1
L-00205,03/03/2026,24,1,High School,8.8,3.97,0,1,43.8,1,mobile,ngo_outreach,scholarship,29,N,,,0
L-00771,22/04/2026,22,T2,Other,2.7,1.33,3,1,19.3,no,mobile,friend,scholarship,40,Yes,71.7,called on phone,1
L-02322,2026-02-08,,2,Diploma,6.8,1.98,3,3,24.2,FALSE,mobile,instagram,paid,27,FALSE,,follow up next intake,0
L-00107,23-04-2026,,T2,High School,14.8,5.16,5,1,94.3,No,notebook,school_partner,scholarship,24,yes,83.0,,1
L-02178,2026-02-05,19,1,DIPLOMA,8.7,3.61,0,0,19.1,0,Tablet,school_partner,scholarship,40,No,,,0
L-00533,01/03/2026,26,1,B.Tech,3.8,1.09,0,1,16.7,Yes,laptop,school_partner,scholarship,21,no,40.1,asked about certificate,0
L-02694,04/06/2026,17,1,Diploma,10.4,2.24,0,5,11.5,yes,laptop,school_partner,paid,34,no,,called on phone,0
L-02526,22/06/2026,25,T1,High School,1.0,6.26,7,5,89.1,Yes,laptop,youtube,scholarship,4,yes,60.2,follow up next intake,1
L-01321,24/06/2026,27,2,Masters,7.0,,3,7,44.1,0,mobile,friend,free,11,0,,,0
L-02726,16-03-2026,22,2,Masters,13.1,2.81,7,8,56.2,FALSE,mobile,instagram,free,9,no,,requested extension,0
L-01503,2026-01-13,28,1,High School,9.6,4.31,3,3,37.9,FALSE,Mobile,ngo_outreach,free,31,No,,,0
L-00748,28-01-2026,27,3,Diploma,1.0,3.62,3,5,12.3,Y,laptop,school_partner,free,24,no,,,0
L-00265,2026-06-23,15,2,Bachelors,8.9,2.95,4,5,8.6,Yes,phone,friend,scholarship,14,yes,80.0,,1
L-01361,2026-06-05,23,3,Master's,9.0,2.11,5,3,26.0,TRUE,mobile,other,free,30,N,,,0
L-01285,2026-03-02,17,3,Diploma,13.8,5.07,3,2,82.2,N,desktop,school_partner,paid,36,No,,called on phone,0
L-01096,02/03/2026,25,2,Bachelors,11.7,3.17,9,2,60.2,TRUE,mobile,youtube,free,24,1,84.3,n/a,1
L-00521,2026-05-27,19,2,Diploma,4.9,2.6,6,2,91.9,FALSE,laptop,friend,free,19,No,,,0
L-02146,2026-01-19,21,2,High School,6.1,3.46,2,2,23.9,1,notebook,youtube,free,29,FALSE,,,0
L-01282,13-03-2026,22,T1,Bachelors,6.4,2.18,4,3,8.6,yes,mobile,school_partner,scholarship,57,No,,,0
L-02436,2026-02-16,16,2,high school,,0.92,5,3,57.3,1,mobile,other,free,20,N,,,0
L-00888,28-05-2026,26,Tier 1,unknown,7.5,,2,1,63.1,N,Laptop,instagram,scholarship,25,No,,asked about certificate,0
L-01110,2026-01-21,17,3,Diploma,4.9,2.28,5,1,13.9,FALSE,laptop,school_partner,free,19,Y,93.9,n/a,1
L-00488,2026-02-26,20,1,bachelor degree,1.3,3.61,0,3,42.3,No,mobile,other,paid,41,0,,,0
L-02477,20-03-2026,15,2,Masters,6.8,3.34,5,0,40.8,No,laptop,youtube,free,34,N,,-,0
L-00825,2026-06-17,21,2,Other,8.9,2.12,2,2,36.5,1,laptop,youtube,scholarship,12,No,44.7,,0
L-01683,2026-06-05,19,,Bachelors,6.3,2.94,5,8,51.9,N,laptop,instagram,free,0,Yes,81.4,asked about certificate,1
L-01049,2026-03-19,24,1,Diploma,6.3,3.65,2,4,0.0,Yes,mobile,school_partner,free,35,N,,called on phone,0
L-01102,2026-04-28,15,1,Diploma,10.5,,0,0,17.0,FALSE,mobile,school_partner,scholarship,35,no,,duplicate?  check,0
L-00708,2026-03-21,23,tier-3,unknown,7.3,3.67,10,4,89.2,FALSE,mobile,school_partner,paid,14,Yes,78.5,n/a,1
L-01221,2026-01-26,26,1,,9.1,6.56,2,2,36.2,1,mobile,school_partner,scholarship,15,N,,called on phone,0
L-01498,22-06-2026,18,tier-3,highschool,6.6,3.37,1,5,7.1,No,mobile,youtube,scholarship,11,no,,,0
L-01147,2026-05-10,22,2,,1.0,0.95,0,7,15.4,Yes,laptop,friend,free,13,FALSE,,,0
L-00266,2026-06-14,27,3,diploma,7.7,2.16,1,2,4.3,No,laptop,friend,scholarship,6,FALSE,,,0
L-02180,2026-02-04,28,1,Bachelors,8.5,2.23,2,2,22.0,No,mobile,instagram,free,16,FALSE,,,0
L-02540,2026-04-04,24,3,Diploma,10.8,3.31,4,9,,FALSE,laptop,other,scholarship,2,TRUE,65.3,n/a,1
L-01478,2026-02-08,26,1,High School,10.0,1.63,0,0,0.0,TRUE,mobile,ngo_outreach,free,29,No,,called on phone,0
L-02305,01/05/2026,,2,DIPLOMA,3.2,4.25,2,1,46.6,0,mobile,school_partner,scholarship,21,FALSE,,follow up next intake,0
L-01969,2026-02-01,18,3,Bachelors,2.3,0.81,2,5,51.3,FALSE,desktop,instagram,paid,12,no,,called on phone,0
L-02405,21/05/2026,,2,Diploma,2.4,1.18,3,0,45.8,FALSE,mobile,other,free,1,N,,requested extension,0
L-00539,2026-04-04,22,1,Diploma,6.6,4.27,2,4,77.7,no,mobile,friend,free,29,N,,,0
L-00480,01/02/2026,20,tier-1,Bachelors,9.0,1.9,3,1,107.6,0,mobile,friend,paid,14,Y,69.0,follow up next intake,1
L-02096,2026-02-19,19,2,Bachelors,3.1,1.4,1,0,,no,PC,instagram,paid,21,yes,,follow up next intake,0
L-00541,2026-03-09,22,1,Bachelors,13.3,3.59,9,3,15.4,FALSE,mobile,friend,paid,24,No,,called on phone,0
L-00909,2026-05-18,20,2,Other,10.8,0.93,3,5,28.5,0,desktop,school_partner,free,12,no,,,0
L-01092,2026-05-08,17,2,Diploma,1.0,0.64,4,0,19.7,N,mobile,school_partner,scholarship,4,TRUE,83.3,,1
L-01356,2026-04-10,15,Tier 2,Bachelors,6.1,3.56,6,4,51.4,No,phone,friend,free,39,1,79.0,,1
L-02796,2026-03-02,25,2,Masters,1.0,0.94,0,9,0.0,Yes,laptop,friend,free,56,FALSE,,,0
L-02389,27-03-2026,15,1,Diploma,3.3,3.48,5,3,29.7,TRUE,laptop,ngo_outreach,scholarship,24,1,75.5,,1
L-00189,2026-03-11,29,3,Diploma,2.2,3.65,4,5,78.7,Yes,mobile,friend,free,7,Yes,73.4,,1
L-02430,2026-02-08,15,2,Bachelors,9.6,4.63,3,1,56.9,FALSE,mobile,instagram,free,20,N,46.2,,0
L-02408,2026-02-14,19,2,Bachelors,5.3,3.44,3,3,28.8,N,mobile,friend,free,1,0,,duplicate?  check,0
L-01798,22-03-2026,23,3,B.Tech,8.4,1.79,2,1,47.9,Yes,mobile,friend,paid,4,FALSE,,,0
L-02419,2026-01-18,25,2,Masters,2.7,1.68,6,3,45.4,,laptop,friend,paid,13,yes,68.2,follow up next intake,1
L-02573,2026-01-06,21,2,Bachelors,8.0,,2,3,67.7,Y,laptop,youtube,paid,30,1,71.9,,1
L-00943,2026-03-24,16,1,Masters,5.8,1.55,2,1,38.2,,laptop,instagram,paid,28,FALSE,,,0
L-01673,07-02-2026,15,3,High School,7.6,3.15,2,3,39.3,No,Mobile,school_partner,free,19,no,,,0
L-01620,2026-02-07,23,3,Bachelors,7.5,5.37,3,1,44.5,yes,mobile,school_partner,scholarship,40,no,,-,0
L-02124,2026-03-28,21,3,High School,2.1,1.85,0,2,19.2,0,laptop,instagram,free,27,No,,follow up next intake,0
L-02585,2026-03-23,,1,highschool,8.1,5.37,4,6,72.1,Yes,phone,instagram,free,5,FALSE,,n/a,0
L-00739,2026-06-08,27,2,highschool,2.3,1.51,3,3,4.7,no,mobile,youtube,paid,44,N,,,0
L-01468,2026-06-07,18,tier-1,High School,4.5,1.95,5,6,16.7,N,PC,youtube,free,15,0,,,0
L-02412,2026-03-18,20,1,Other,3.3,2.38,6,1,60.0,no,mobile,school_partner,free,18,TRUE,87.1,-,1
L-00699,2026-04-27,25,3,Bachelors,1.0,2.33,0,1,12.9,FALSE,desktop,other,scholarship,18,N,,called on phone,0
L-00718,2026-03-06,20,Tier 1,Diploma,9.9,1.55,2,0,,0,mobile,youtube,free,26,N,,follow up next intake,0
L-00406,2026-01-03,20,2,high school,8.4,3.65,4,1,68.5,yes,Tablet,ngo_outreach,free,2,N,,,0
L-01500,2026-01-16,,2,Masters,7.4,3.56,6,2,100.0,FALSE,laptop,ngo_outreach,scholarship,24,FALSE,,-,0
L-01551,16-04-2026,24,2,Master's,2.9,2.89,1,2,20.8,TRUE,mobile,friend,paid,22,Y,80.3,,1
L-02566,2026-06-06,18,Tier 1,High School,1.2,0.0,3,2,45.5,1,laptop,friend,free,31,N,,,0
L-02038,2026-02-09,15,1,High School,9.4,5.47,4,10,53.8,FALSE,tablet,school_partner,free,2,Y,73.6,,1
L-00574,2026-03-22,15,2,High School,11.4,2.15,1,0,5.7,0,mobile,friend,scholarship,17,0,,,0
L-02397,2026-02-01,19,,Masters,3.9,2.73,7,2,,No,laptop,friend,free,4,Yes,85.2,follow up next intake,1
L-01604,2026-02-11,26,1,Diploma,6.9,2.91,3,1,80.0,No,mobile,instagram,scholarship,5,0,,asked about certificate,0
L-01023,24-02-2026,19,1,Bachelors,11.1,3.43,3,7,19.3,yes,laptop,other,free,16,0,,duplicate?  check,0
L-01111,2026-01-13,15,Tier 3,Diploma,99.1,5.24,4,9,82.0,TRUE,mobile,school_partner,free,34,no,,,0
L-00740,2026-02-22,27,3,Bachelors,,2.83,7,2,,Yes,laptop,instagram,scholarship,25,1,74.0,follow up next intake,1
L-00456,21/03/2026,,T3,High School,4.5,1.32,2,3,18.0,Y,phone,school_partner,free,37,N,,asked about certificate,0
L-01219,01-03-2026,21,2,High School,1.0,3.07,0,4,23.9,No,mobile,friend,scholarship,18,1,81.3,-,1
L-01851,2026-06-06,17,tier-3,,12.7,1.92,5,2,78.2,FALSE,notebook,friend,free,12,FALSE,,,0
L-02345,2026-01-19,21,2,High School,220.3,2.77,3,5,21.4,Yes,Desktop,youtube,scholarship,49,no,,-,0
L-00671,2026-01-05,18,1,B.Tech,1.5,3.78,5,2,40.4,N,laptop,instagram,scholarship,18,Y,87.8,,1
L-00840,2026-02-20,21,2,Bachelors,5.1,0.63,2,5,8.6,no,laptop,other,free,70,no,,,0
L-01497,08/05/2026,21,1,Diploma,,4.14,7,4,62.3,TRUE,mobile,ngo_outreach,scholarship,3,1,73.6,-,1
L-00134,2026-05-15,23,1,,,3.53,6,1,52.8,N,tablet,friend,free,10,TRUE,84.3,n/a,1
L-02092,2026-05-05,26,3,High School,5.0,5.54,5,5,25.6,Yes,mobile,instagram,free,31,0,,,0
L-01963,2026-04-25,21,3,Diploma,6.9,4.82,3,1,57.9,1,laptop,ngo_outreach,free,36,FALSE,,,0
L-02500,2026-06-03,25,3,Bachelors,6.2,2.87,5,2,50.1,no,laptop,youtube,paid,16,1,68.1,-,1
L-00354,2026-02-26,22,tier-2,Masters,9.1,3.52,0,1,50.2,no,Mobile,instagram,scholarship,4,FALSE,,duplicate?  check,0
L-01507,2026-06-08,21,tier-2,highschool,1.9,1.0,1,5,7.0,no,Mobile,ngo_outreach,scholarship,35,No,,duplicate?  check,0
L-02114,2026-06-08,,3,High School,10.9,2.06,9,1,38.8,no,laptop,school_partner,free,11,N,39.5,called on phone,0
L-01309,2026-02-06,20,3,Diploma,7.7,3.24,4,1,72.0,TRUE,tablet,instagram,free,15,1,78.4,,1
L-00907,2026-02-04,29,3,Bachelor's,8.8,5.54,6,6,82.3,N,phone,instagram,paid,17,no,,,0
L-02704,2026-01-02,18,Tier 3,Other,2.2,5.27,7,5,58.7,Yes,laptop,friend,free,17,0,,asked about certificate,0
L-00984,2026-05-08,26,T1,Bachelors,9.9,2.43,4,4,36.2,FALSE,mobile,friend,free,23,0,,called on phone,0
L-01391,2026-01-18,22,3,Bachelors,4.0,2.11,3,0,34.2,Yes,mobile,school_partner,free,21,1,74.0,,1
L-02457,06/06/2026,22,Tier 1,Bachelors,8.3,,8,0,74.9,0,laptop,instagram,free,4,N,,,0
L-00073,2026-03-11,23,1,Bachelors,3.5,2.77,4,6,66.8,Y,mobile,friend,paid,23,Yes,65.1,asked about certificate,1
L-02014,2026-04-13,24,3,Other,9.2,3.94,2,8,52.4,N,tablet,friend,scholarship,8,no,,,0
L-01212,2026-04-04,19,tier-1,HS,1.2,3.19,3,7,26.6,N,mobile,school_partner,scholarship,38,0,,duplicate?  check,0
L-01423,19-03-2026,22,1,Bachelors,9.6,4.24,5,3,78.4,yes,ipad,school_partner,scholarship,18,1,81.2,called on phone,1
L-00477,2026-03-25,17,1,Masters,4.8,0.78,1,2,21.6,no,laptop,instagram,free,11,no,36.1,,0
L-01772,2026-06-26,,tier-1,Bachelors,,2.23,5,6,57.3,No,tablet,school_partner,free,27,TRUE,83.7,,1
L-00462,2026-03-13,,2,Bachelors,,3.91,7,4,45.9,FALSE,phone,youtube,free,13,0,,-,0
L-01098,2026-04-21,23,3,High-School,10.6,1.01,0,2,0.0,yes,desktop,school_partner,scholarship,35,FALSE,,asked about certificate,0
L-02722,2026-02-05,19,tier-2,bachelor degree,16.7,1.9,4,3,62.2,TRUE,mobile,youtube,paid,20,no,,,0
L-00240,26/03/2026,20,1,Bachelors,5.0,2.3,5,5,4.2,0,laptop,friend,free,43,no,,,0
L-00551,2026-06-11,27,3,,10.3,5.62,9,1,83.5,0,tablet,ngo_outreach,scholarship,5,TRUE,77.6,,1
L-01545,2026-02-20,26,3,Masters,5.7,0.88,1,7,31.7,,desktop,youtube,scholarship,26,0,33.6,,0
L-01724,2026-01-18,15,1,Diploma,5.7,2.45,1,3,0.0,FALSE,laptop,school_partner,scholarship,10,N,16.2,,0
L-01417,2026-04-05,26,2,Masters,6.4,1.92,5,2,36.7,1,mobile,instagram,free,17,No,,n/a,0
L-02233,08-02-2026,15,2,High School,6.2,4.66,4,4,73.6,FALSE,Laptop,other,scholarship,6,TRUE,80.2,follow up next intake,1
L-01351,2026-02-22,27,2,high school,8.9,3.66,6,5,43.0,0,mobile,instagram,scholarship,28,0,,n/a,0
L-01041,05-05-2026,15,1,Masters,9.0,2.9,2,4,44.9,FALSE,Mobile,instagram,free,19,0,55.3,duplicate?  check,0
L-01289,10-02-2026,24,2,High School,12.6,4.73,7,1,88.6,0,laptop,instagram,free,7,no,,,0
L-00637,2026-03-16,22,1,Bachelors,6.8,4.91,3,1,35.1,Yes,mobile,school_partner,scholarship,21,Yes,75.7,called on phone,1
L-00948,2026-06-26,,2,High School,3.1,2.0,5,2,57.9,N,laptop,other,scholarship,22,no,,asked about certificate,0
L-02311,2026-03-13,19,1,B.Tech,9.4,4.07,6,3,,FALSE,mobile,instagram,free,9,No,41.0,n/a,0
L-02690,2026-02-10,24,1,High School,1.0,1.97,3,3,54.7,FALSE,laptop,youtube,free,6,FALSE,,,0
L-00903,2026-03-02,26,1,B.Tech,4.0,3.86,3,2,32.3,N,mobile,instagram,free,41,0,,duplicate?  check,0
L-01286,14-01-2026,22,1,High School,8.3,2.19,0,4,0.0,TRUE,mobile,school_partner,scholarship,37,No,,follow up next intake,0
L-01761,23/05/2026,19,2,Bachelors,,2.08,0,2,18.3,FALSE,laptop,ngo_outreach,scholarship,36,0,,,0
L-01988,05/04/2026,26,3,Masters,1.0,1.82,4,3,55.1,N,mobile,other,scholarship,21,No,,,0
L-02155,2026-04-21,16,,High School,8.5,2.7,7,2,39.0,no,MOBILE,ngo_outreach,paid,21,0,32.5,duplicate?  check,0
L-00557,2026-02-18,19,2,B.Tech,12.2,1.93,3,1,31.6,FALSE,Mobile,ngo_outreach,paid,37,no,,asked about certificate,0
L-01780,2026-03-24,22,1,DIPLOMA,6.6,0.29,2,4,37.4,1,laptop,youtube,free,38,FALSE,,,0
L-00405,09/05/2026,27,2,DIPLOMA,3.0,3.75,4,2,0.0,1,mobile,instagram,free,13,Y,75.1,,1
L-01293,26-04-2026,18,2,Bachelors,3.4,1.08,0,2,16.1,TRUE,desktop,friend,paid,35,0,,follow up next intake,0
L-00474,24-02-2026,17,3,Bachelors,5.1,4.22,5,0,55.5,N,tablet,ngo_outreach,paid,1,Yes,64.8,,1
L-02800,2026-02-01,23,3,B.Tech,7.4,1.63,2,4,50.3,0,mobile,instagram,paid,29,no,,,0
L-00657,17-03-2026,25,1,Bachelors,8.7,3.1,3,3,112.2,N,desktop,instagram,scholarship,12,No,,-,0
L-01959,20-04-2026,23,3,High School,3.1,3.89,1,8,34.5,yes,mobile,youtube,scholarship,19,FALSE,,asked about certificate,0
L-01346,2026-05-25,21,1,Diploma,15.2,3.71,5,0,66.8,N,phone,youtube,free,8,Yes,74.3,,1
L-00841,23/02/2026,28,2,B.Tech,4.2,2.89,1,2,35.1,N,mobile,instagram,scholarship,36,no,,,0
L-01067,2026-05-23,25,1,High School,5.9,0.94,3,4,13.4,0,laptop,youtube,free,30,0,,n/a,0
L-02638,2026-05-03,24,2,Masters,1.0,3.88,4,3,37.4,No,laptop,instagram,free,8,N,49.5,,0
L-01581,2026-04-03,19,3,DIPLOMA,8.2,4.27,0,3,43.4,No,laptop,friend,scholarship,11,No,,follow up next intake,0
L-00055,21/03/2026,23,2,Diploma,11.1,4.84,4,5,53.9,yes,MOBILE,instagram,free,34,N,51.8,-,0
L-00696,2026-04-01,19,Tier 1,Bachelors,4.7,2.92,4,3,80.3,TRUE,mobile,instagram,paid,33,TRUE,81.6,follow up next intake,1
L-00079,2026-06-14,23,1,High School,10.6,3.1,4,1,,no,mobile,instagram,paid,31,N,,called on phone,0
L-01900,08/05/2026,27,2,High School,5.1,3.32,1,9,34.6,N,mobile,school_partner,scholarship,15,Yes,72.5,called on phone,1
L-01785,2026-01-01,19,2,Bachelors,9.0,2.61,7,5,41.4,1,desktop,youtube,paid,16,yes,85.2,follow up next intake,1
L-00893,05/04/2026,22,3,High School,8.6,3.3,6,3,55.8,No,notebook,instagram,free,18,0,,,0
L-00935,21-05-2026,29,3,High School,8.2,3.23,2,1,36.2,FALSE,mobile,instagram,paid,46,N,,requested extension,0
L-00785,02-06-2026,,3,Masters,9.4,2.14,0,2,45.4,N,laptop,instagram,scholarship,23,N,,asked about certificate,0
L-02713,2026-03-13,19,Tier 1,High-School,10.4,4.32,2,7,26.4,N,mobile,instagram,scholarship,18,0,42.5,,0
L-02190,2026-06-24,28,3,Diploma,4.8,2.06,4,2,41.1,No,Laptop,school_partner,free,23,no,,,0
L-02795,26/03/2026,21,3,High School,3.0,2.34,1,2,14.7,Yes,mobile,instagram,paid,8,No,,,0
L-02483,2026-06-18,20,T2,Bachelors,3.2,3.73,9,0,59.1,1,laptop,school_partner,free,19,yes,71.5,-,1
L-01204,17-01-2026,26,2,,7.7,2.38,7,1,38.2,Y,MOBILE,friend,scholarship,10,No,,duplicate?  check,0
L-01678,2026-03-20,23,T3,High School,9.9,2.57,1,4,21.2,Yes,desktop,instagram,paid,11,FALSE,,asked about certificate,0
L-01580,2026-01-17,20,1,Bachelors,,2.6,3,5,53.6,Y,mobile,school_partner,free,5,TRUE,85.7,,1
L-00890,2026-01-21,21,3,unknown,9.4,1.41,0,3,38.0,Y,mobile,friend,scholarship,32,0,,follow up next intake,0
L-02798,28/02/2026,15,1,High School,4.7,,4,4,,No,mobile,youtube,scholarship,9,FALSE,,asked about certificate,0
L-00218,2026-02-02,17,2,Other,5.5,4.75,3,5,54.2,no,Mobile,school_partner,scholarship,44,N,,,0
L-01808,09-02-2026,22,2,Bachelors,8.2,5.57,8,6,73.5,N,laptop,friend,free,6,1,81.4,duplicate?  check,1
L-00313,09-06-2026,19,1,Masters,7.7,3.45,0,1,26.7,,laptop,school_partner,free,17,N,,requested extension,0
L-00040,02-03-2026,18,T2,Bachelors,7.6,1.73,1,2,62.4,,mobile,friend,free,29,no,,duplicate?  check,0
L-00701,2026-02-04,17,3,Bachelor's,6.2,0.48,0,5,102.0,N,Mobile,friend,free,18,No,,called on phone,0
L-01856,2026-06-22,21,2,Bachelors,5.9,2.58,2,1,26.6,0,laptop,friend,scholarship,23,No,,-,0
L-01408,2026-05-19,21,1,DIPLOMA,5.5,3.41,4,5,26.0,Y,mobile,school_partner,scholarship,29,Yes,90.6,requested extension,1
L-00566,13/05/2026,23,2,Bachelors,7.7,2.54,1,0,33.6,N,mobile,friend,free,2,No,,follow up next intake,0
L-01280,2026-01-21,,2,High School,,2.22,0,3,34.0,N,mobile,friend,scholarship,51,No,,follow up next intake,0
L-00505,15-05-2026,24,3,Diploma,2.7,2.74,0,0,20.3,N,Laptop,ngo_outreach,paid,27,no,,called on phone,0
L-02411,19/05/2026,21,2,Diploma,4.8,2.14,0,1,0.0,FALSE,desktop,school_partner,paid,31,FALSE,46.5,asked about certificate,0
L-01877,14-04-2026,22,2,High School,6.3,1.63,1,2,,FALSE,tablet,other,scholarship,26,N,,,0
L-01027,2026-03-17,21,2,Bachelor's,7.8,4.87,3,2,54.9,no,Laptop,youtube,free,9,N,,requested extension,0
L-01506,25/06/2026,20,tier-3,Diploma,1.0,3.01,4,4,17.1,0,laptop,youtube,paid,48,1,82.0,,1
L-00051,2026-05-08,18,3,,,3.03,4,5,44.5,FALSE,MOBILE,youtube,free,10,1,71.8,,1
L-00851,07/01/2026,25,2,High School,10.4,4.9,4,1,39.2,0,mobile,instagram,free,21,FALSE,44.7,duplicate?  check,0
L-01356,2026-04-10,15,Tier 2,Bachelors,6.1,3.56,6,4,51.4,No,phone,friend,free,39,1,79.0,,1
L-00242,2026-01-02,32,2,Bachelors,10.3,3.88,3,12,67.7,yes,mobile,instagram,free,14,Yes,87.5,called on phone,1
L-02071,2026-03-28,24,3,Diploma,5.0,2.1,4,3,43.7,No,tablet,instagram,scholarship,9,FALSE,54.9,asked about certificate,0
L-00837,2026-05-01,23,T2,Bachelors,4.2,1.31,2,0,35.3,0,mobile,other,free,34,0,,,0
L-00414,2026-05-25,22,3,,3.0,3.51,6,6,64.4,0,mobile,ngo_outreach,free,28,No,,-,0
L-01553,12-06-2026,18,2,,9.7,2.39,6,0,19.0,0,desktop,youtube,paid,34,TRUE,87.3,-,1
L-01154,18-04-2026,22,2,Masters,10.2,2.77,4,1,57.9,N,mobile,instagram,free,17,No,,,0
L-00613,06-03-2026,25,1,High School,3.6,2.08,2,4,24.0,1,tablet,friend,free,40,N,,-,0
L-02661,07-03-2026,21,1,High School,8.8,2.6,6,1,34.6,1,Mobile,friend,free,25,N,,,0
L-02361,2026-02-16,21,2,Bachelors,11.6,3.34,6,2,,no,mobile,school_partner,free,19,FALSE,,,0
L-01011,14-01-2026,,2,Bachelors,5.1,4.52,1,2,43.7,no,Laptop,school_partner,free,25,FALSE,49.9,,0
L-01336,2026-01-03,19,2,HS,6.5,3.34,0,1,42.3,1,mobile,youtube,free,33,No,,asked about certificate,0
L-02099,24-02-2026,32,1,High School,13.2,2.09,0,0,24.2,No,desktop,school_partner,free,13,no,52.9,,0
L-01084,2026-03-12,22,T2,highschool,6.9,2.07,4,1,60.2,Y,mobile,youtube,scholarship,34,N,,-,0
L-01982,2026-06-11,24,2,Bachelors,7.9,3.13,6,10,40.8,no,laptop,instagram,free,6,yes,69.3,,1
L-01409,2026-06-01,22,Tier 1,Bachelors,15.0,4.22,5,1,39.4,N,Desktop,school_partner,scholarship,4,Y,61.4,follow up next intake,1
L-00153,2026-03-13,22,2,Bachelors,10.7,2.82,4,6,40.3,no,mobile,other,paid,11,yes,71.7,,1
L-01948,28-03-2026,25,tier-1,High School,10.1,4.84,4,0,70.0,TRUE,laptop,ngo_outreach,paid,4,Y,75.3,,1
L-00669,2026-01-01,18,tier-2,HS,7.5,2.52,2,2,60.3,FALSE,MOBILE,instagram,free,15,No,,n/a,0
L-00220,2026-05-11,25,2,High School,15.2,7.0,10,6,72.0,no,laptop,youtube,paid,2,0,75.6,,1
L-00180,2026-06-18,20,2,Bachelors,6.1,1.5,2,4,45.6,yes,laptop,instagram,paid,12,yes,94.6,,1
L-02501,2026-06-16,,3,high school,,5.22,1,1,6.2,N,mobile,friend,free,11,N,,,0
L-00852,2026-03-04,21,3,High School,1.5,0.43,3,3,46.4,0,laptop,instagram,free,23,0,23.9,n/a,0
L-01870,2026-06-17,23,2,bachelor degree,4.3,3.12,9,0,0.0,0,laptop,friend,free,16,Yes,79.3,requested extension,1
L-00167,2026-01-02,20,1,Bachelors,5.2,1.44,5,3,51.0,0,laptop,friend,paid,4,1,65.2,follow up next intake,1
L-00391,2026-04-19,20,3,bachelors,6.9,2.42,1,4,39.5,,mobile,ngo_outreach,free,8,0,,duplicate?  check,0
L-02425,26-05-2026,25,Tier 1,High School,5.7,6.57,8,5,93.3,1,MOBILE,youtube,free,18,yes,78.0,-,1
L-01880,2026-03-16,24,2,Diploma,12.5,6.84,9,4,100.0,Yes,laptop,other,free,5,Yes,71.3,,1
L-02508,2026-03-09,25,1,High-School,8.1,2.66,1,1,16.3,FALSE,tablet,school_partner,scholarship,36,No,,n/a,0
L-01247,02/01/2026,17,1,High School,,7.0,1,0,52.5,N,mobile,school_partner,free,3,TRUE,87.0,,1
L-01944,2026-03-21,22,T2,High School,8.1,1.63,4,1,,,Laptop,instagram,scholarship,27,0,,requested extension,0
L-00316,2026-02-08,22,1,Bachelors,5.8,0.99,2,6,49.6,No,mobile,instagram,free,19,0,,called on phone,0
L-00351,2026-04-18,15,2,Master's,8.3,3.59,2,0,68.2,Y,mobile,ngo_outreach,free,2,Y,74.8,,1
L-00013,17-04-2026,21,3,masters,2.3,0.97,0,2,32.7,N,desktop,youtube,scholarship,61,0,,,0
L-01675,2026-03-15,27,2,High School,8.4,2.49,4,1,58.9,,laptop,school_partner,free,32,Yes,99.6,,1
L-01575,2026-01-28,27,2,High School,18.5,1.07,0,2,19.1,,laptop,other,free,11,no,46.9,,0
L-00802,06/04/2026,19,1,bachelors,5.2,1.31,2,1,,Y,mobile,ngo_outreach,paid,28,yes,65.6,,1
L-01916,2026-03-06,23,1,Bachelors,9.2,5.1,7,2,60.7,0,mobile,school_partner,scholarship,19,TRUE,85.5,n/a,1
L-02602,18/04/2026,24,,High School,5.5,3.72,3,1,52.7,1,tablet,instagram,scholarship,17,FALSE,,requested extension,0
L-02108,08-02-2026,31,1,unknown,,3.05,0,2,35.8,N,mobile,instagram,paid,20,FALSE,43.2,asked about certificate,0
L-01021,2026-01-10,21,Tier 1,Bachelors,6.0,4.09,3,1,54.8,no,mobile,ngo_outreach,scholarship,6,Y,72.7,duplicate?  check,1
L-00110,2026-05-05,22,T1,Diploma,3.2,4.82,4,10,47.4,,laptop,school_partner,paid,14,Y,71.0,follow up next intake,1
L-01261,2026-03-25,15,2,High School,,3.77,3,4,68.6,0,laptop,school_partner,paid,18,yes,81.7,called on phone,1
L-00439,13/02/2026,17,1,Bachelors,6.7,3.57,2,4,52.2,1,mobile,school_partner,scholarship,33,0,,,0
L-00084,2026-03-16,24,2,Masters,2.9,5.41,5,0,42.7,Y,laptop,friend,scholarship,24,yes,84.5,asked about certificate,1
L-02709,2026-06-18,16,tier-1,Bachelor's,2.3,2.11,4,2,36.6,FALSE,tablet,instagram,free,18,0,,,0
L-00080,05-01-2026,24,3,Diploma,2.3,4.72,0,4,52.9,no,mobile,instagram,free,24,0,,,0
L-02344,13-05-2026,29,Tier 1,Bachelors,6.5,1.33,0,0,19.5,Y,desktop,instagram,paid,41,N,,called on phone,0
L-01087,16-02-2026,22,1,Diploma,1.4,0.0,0,0,5.8,0,mobile,school_partner,free,42,no,50.6,duplicate?  check,0
L-00520,2026-02-19,27,Tier 2,diploma,3.6,2.49,0,8,17.6,Y,desktop,ngo_outreach,free,22,no,,-,0
L-00969,2026-02-11,25,3,bachelors,6.4,1.47,0,1,52.9,No,mobile,school_partner,free,7,FALSE,,asked about certificate,0
L-01059,2026-04-03,23,1,B.Tech,7.7,3.0,2,1,33.6,Yes,tablet,instagram,free,12,FALSE,,called on phone,0
L-01576,2026-03-03,22,2,High School,2.2,4.09,2,3,19.6,0,mobile,youtube,scholarship,40,no,,n/a,0
L-02790,22-03-2026,24,2,Other,3.8,2.4,3,2,26.2,Y,Mobile,school_partner,free,38,no,,,0
L-01757,2026-05-07,19,2,bachelors,5.1,5.03,3,0,55.0,N,laptop,youtube,free,23,yes,72.6,requested extension,1
L-00085,2026-06-18,15,Tier 2,High School,1.7,1.84,0,1,26.7,No,mobile,friend,scholarship,17,Yes,,,0
L-02714,13-04-2026,24,1,High School,10.5,3.65,4,8,14.8,N,laptop,friend,paid,10,No,,duplicate?  check,0
L-00979,2026-04-23,28,1,Masters,4.7,0.13,2,2,31.1,No,Tablet,instagram,scholarship,21,0,,-,0
L-01322,2026-06-08,20,2,bachelors,6.4,3.1,1,3,46.2,no,desktop,school_partner,free,16,0,,called on phone,0
L-00933,2026-06-05,21,2,Bachelors,6.6,2.23,4,1,0.0,No,Laptop,ngo_outreach,free,2,No,36.1,duplicate?  check,0
L-00649,19-05-2026,22,1,High School,8.7,3.43,3,0,83.1,TRUE,notebook,other,scholarship,2,Y,84.5,-,1
L-00501,01/05/2026,23,,Masters,13.6,5.56,5,4,32.6,No,desktop,instagram,free,40,No,,asked about certificate,0
L-00661,08/03/2026,19,1,HS,2.1,4.77,0,2,19.9,TRUE,mobile,instagram,paid,28,no,,n/a,0
L-01070,09-01-2026,23,2,Masters,14.7,,6,4,85.1,0,laptop,school_partner,scholarship,14,no,51.8,follow up next intake,0
L-02201,04-04-2026,26,2,Masters,10.3,6.36,9,0,94.8,0,laptop,youtube,free,1,1,94.3,-,1
L-02026,2026-03-16,25,3,Bachelors,9.5,5.04,5,6,83.1,N,laptop,school_partner,scholarship,4,TRUE,72.2,asked about certificate,1
L-00415,2026-01-03,19,3,Masters,6.2,4.88,5,0,,FALSE,Laptop,ngo_outreach,scholarship,23,no,,duplicate?  check,0
L-01740,2026-06-20,15,Tier 3,bachelor degree,3.5,5.16,5,2,79.2,1,laptop,school_partner,scholarship,19,TRUE,92.5,requested extension,1
L-02044,03-01-2026,26,2,high school,6.7,1.2,2,3,111.1,0,laptop,youtube,free,41,0,,follow up next intake,0
L-02756,17/06/2026,18,T1,highschool,6.1,2.59,3,6,74.7,FALSE,mobile,friend,scholarship,3,Y,83.5,n/a,1
L-00378,2026-01-04,18,2,Diploma,9.5,1.04,4,0,53.6,N,mobile,school_partner,paid,23,Yes,84.9,,1
L-01878,2026-06-05,15,Tier 2,DIPLOMA,8.5,2.42,2,1,56.2,,mobile,youtube,free,14,No,,,0
L-00421,05/01/2026,24,tier-2,Bachelors,6.2,3.19,5,3,0.0,TRUE,Mobile,school_partner,free,11,yes,75.4,,1
L-02159,2026-01-26,16,3,Bachelors,,0.41,2,5,27.5,1,laptop,ngo_outreach,free,22,FALSE,,,0
L-00604,2026-06-26,20,3,Bachelors,11.7,3.09,1,5,56.9,FALSE,mobile,school_partner,free,7,no,55.3,,0
L-00577,2026-02-02,15,1,Diploma,5.5,4.68,6,6,76.3,,phone,friend,free,4,0,,,0
L-01371,2026-03-07,20,1,High School,6.5,6.83,4,2,,Y,Mobile,ngo_outreach,scholarship,15,No,57.0,asked about certificate,0
L-01242,2026-05-20,18,3,Bachelors,5.2,2.13,3,2,106.7,0,laptop,youtube,scholarship,2,yes,65.0,,1
L-01929,2026-04-11,24,tier-1,highschool,7.8,6.91,8,1,74.2,yes,tablet,youtube,scholarship,4,Yes,94.9,duplicate?  check,1
L-00287,2026-01-10,16,2,Bachelors,1.0,2.86,6,4,55.2,Yes,phone,instagram,free,4,No,50.6,n/a,0
L-00120,05/05/2026,22,2,Bachelors,9.0,3.67,5,1,56.0,no,desktop,instagram,free,1,yes,100,,1
L-02246,2026-06-28,16,,Bachelors,10.4,3.94,0,0,47.8,0,laptop,instagram,scholarship,34,FALSE,46.2,,0
L-02468,2026-04-07,22,Tier 2,Diploma,9.6,5.92,4,4,69.7,FALSE,laptop,ngo_outreach,scholarship,15,Yes,85.6,n/a,1
L-01390,2026-05-16,25,tier-1,High School,9.5,2.33,1,2,25.5,Y,MOBILE,friend,free,31,Y,77.4,,1
L-00966,2026-03-03,,1,,1.0,0.85,3,3,0.0,N,desktop,school_partner,free,21,0,,duplicate?  check,0
L-01804,2026-03-19,,1,Diploma,6.7,5.44,3,0,49.3,No,mobile,friend,paid,24,Y,66.5,,1
L-00169,11/03/2026,26,2,Other,4.4,0.6,0,5,5.8,FALSE,MOBILE,school_partner,free,17,N,,,0
L-02621,2026-02-06,19,,Master's,12.9,0.88,1,4,29.9,no,mobile,instagram,scholarship,19,no,,duplicate?  check,0
L-02012,2026-02-12,15,3,diploma,5.6,3.09,3,4,35.7,Yes,MOBILE,youtube,paid,10,yes,91.3,asked about certificate,1
L-01318,2026-01-28,22,2,Other,7.8,1.72,1,3,,,laptop,instagram,free,27,N,,requested extension,0
L-01763,2026-06-19,,T2,Diploma,2.6,5.02,5,7,70.6,1,tablet,instagram,paid,15,Y,87.5,,1
L-00200,24-02-2026,22,2,Bachelors,5.1,2.57,3,5,54.9,FALSE,mobile,youtube,free,13,0,,requested extension,0
L-02140,21-02-2026,23,2,Diploma,2.3,2.22,5,6,60.6,no,phone,friend,free,1,No,,called on phone,0
L-02707,2026-04-03,20,1,Other,1.7,0.86,0,6,1.0,N,laptop,youtube,paid,30,no,,asked about certificate,0
L-02462,2026-06-14,21,T2,,10.2,2.38,4,1,20.9,No,mobile,youtube,paid,21,N,,,0
L-00822,2026-06-08,26,T2,Masters,7.6,2.94,1,1,66.6,0,Mobile,instagram,free,6,yes,80.1,-,1
L-00930,2026-01-04,23,3,high school,1.0,0.0,0,1,8.3,Y,mobile,ngo_outreach,paid,27,0,,,0
L-02040,2026-05-12,22,tier-2,Bachelors,6.5,2.49,3,1,15.9,No,mobile,ngo_outreach,free,9,N,,n/a,0
L-00791,20-04-2026,20,2,Bachelors,4.3,2.97,2,0,0.0,yes,Mobile,ngo_outreach,scholarship,31,N,,requested extension,0
L-01182,2026-05-27,30,1,High School,2.1,3.42,0,1,4.3,N,mobile,instagram,scholarship,34,0,,,0
L-01083,2026-03-14,27,2,High School,7.8,3.62,2,6,49.0,Y,mobile,school_partner,paid,22,no,,,0
L-00206,2026-02-01,20,2,Bachelors,11.8,5.14,6,2,54.6,Y,desktop,friend,scholarship,14,TRUE,66.4,,1
L-01665,2026-01-04,26,1,Masters,5.6,3.93,7,4,48.3,Yes,tablet,youtube,free,15,FALSE,,,0
L-01927,2026-06-10,23,tier-1,Masters,9.0,2.21,4,3,64.8,Y,desktop,friend,free,38,TRUE,82.3,called on phone,1
L-02672,2026-06-24,16,2,diploma,9.6,3.15,2,6,19.8,no,phone,school_partner,free,12,FALSE,,asked about certificate,0
L-01931,2026-03-03,19,1,High School,6.1,1.73,9,1,28.4,TRUE,tablet,friend,paid,21,1,73.8,,1
L-02554,2026-04-08,20,T1,Bachelors,,1.22,3,3,37.7,FALSE,laptop,youtube,scholarship,15,N,,,0
L-01699,2026-02-26,22,2,High School,,4.19,7,9,96.2,no,desktop,youtube,free,9,yes,91.0,,1
L-01771,08-05-2026,24,T3,Bachelors,16.9,3.1,5,2,56.1,N,laptop,school_partner,paid,26,N,38.5,,0
L-02122,2026-02-19,29,1,Bachelors,1.0,1.9,3,1,47.0,No,laptop,instagram,free,29,no,,requested extension,0
L-00267,2026-03-23,19,3,High School,8.2,3.73,4,2,41.1,FALSE,laptop,school_partner,paid,39,Y,82.4,,1
L-01941,04-02-2026,19,1,High School,5.4,2.0,3,5,37.4,yes,laptop,school_partner,paid,24,No,,requested extension,0
L-02721,2026-06-18,15,1,Diploma,6.8,2.55,5,3,40.3,no,desktop,instagram,free,6,yes,68.2,follow up next intake,1
L-02256,14-06-2026,20,3,Masters,5.5,4.0,5,2,33.5,0,desktop,instagram,free,10,N,,duplicate?  check,0
L-01803,25/02/2026,23,T1,High School,6.1,5.2,3,4,16.6,Yes,laptop,instagram,scholarship,41,Y,78.5,,1
L-02068,10/06/2026,16,2,High School,9.6,5.31,6,9,68.6,no,laptop,instagram,scholarship,12,1,74.4,,1
L-02441,23/02/2026,19,3,,4.7,3.8,2,3,0.0,No,mobile,instagram,scholarship,30,Y,71.8,-,1
L-01687,15-03-2026,16,3,DIPLOMA,2.9,1.53,2,10,24.4,N,desktop,school_partner,paid,43,No,,follow up next intake,0
L-02652,2026-06-04,27,3,Masters,,1.18,0,2,55.9,yes,mobile,friend,free,31,FALSE,,-,0
L-01528,05/03/2026,23,3,High School,3.4,3.72,4,3,22.3,FALSE,laptop,ngo_outreach,free,26,no,,,0
L-02598,14/03/2026,25,2,B.Tech,8.5,3.07,3,1,34.8,yes,Mobile,school_partner,free,26,Y,88.7,,1
L-01806,12/01/2026,15,2,High School,1.4,4.2,2,1,35.8,yes,notebook,youtube,scholarship,2,Yes,,,0
L-00324,2026-04-16,29,T2,Diploma,9.9,4.85,3,0,74.5,Y,laptop,school_partner,free,23,1,86.2,,1
L-00175,2026-01-11,23,3,M.Sc,8.1,5.23,5,6,63.9,yes,Desktop,ngo_outreach,scholarship,5,1,74.8,n/a,1
L-00233,02/06/2026,,2,,7.8,5.27,2,1,104.6,Y,mobile,youtube,scholarship,10,FALSE,,duplicate?  check,0
L-00668,2026-06-04,19,2,Diploma,5.2,3.45,3,5,36.1,FALSE,mobile,friend,scholarship,24,0,,,
L-00115,15-05-2026,19,2,bachelor degree,5.8,2.16,4,2,47.9,N,mobile,friend,scholarship,11,0,,-,0
L-01153,2026-01-05,24,1,Diploma,1.3,2.3,5,2,44.0,TRUE,Laptop,other,free,1,yes,89.2,follow up next intake,1
L-01354,2026-05-12,17,Tier 1,Bachelors,9.3,2.82,4,3,114.9,no,tablet,instagram,free,15,No,54.2,,0
L-02568,15/05/2026,16,2,High School,10.8,2.9,2,2,17.5,1,mobile,instagram,free,23,yes,65.7,n/a,1
L-01627,11/03/2026,16,3,,1.7,3.31,2,5,72.3,yes,mobile,friend,free,13,No,,,0
L-02150,2026-01-16,22,2,Diploma,6.8,2.55,1,2,53.3,1,phone,ngo_outreach,paid,19,FALSE,,called on phone,0
L-01016,16/03/2026,28,T3,,1.3,3.14,5,2,42.0,Yes,mobile,friend,scholarship,31,no,,,0
L-00409,2026-02-13,199,T3,Bachelor's,,,2,1,44.7,N,mobile,friend,free,28,FALSE,,follow up next intake,0
L-02719,2026-02-16,20,Tier 2,High School,4.4,2.5,5,3,56.7,N,mobile,friend,free,19,1,85.0,follow up next intake,1
L-01968,09-02-2026,30,3,OTHER,7.0,4.85,5,1,72.9,0,mobile,ngo_outreach,free,23,0,44.3,,0
L-01245,2026-02-16,25,3,High School,,3.82,4,3,87.7,FALSE,mobile,school_partner,paid,3,Y,71.2,follow up next intake,1
L-01024,2026-06-12,,1,Diploma,,4.18,3,0,34.2,FALSE,desktop,other,free,34,FALSE,,requested extension,0
L-00723,13-05-2026,24,1,B.Tech,5.4,2.09,2,8,8.4,yes,Mobile,ngo_outreach,free,21,No,,,0
L-00493,2026-03-06,23,2,Bachelors,1.0,3.77,2,1,22.7,Yes,mobile,youtube,scholarship,10,0,96.8,n/a,1
L-01718,2026-06-14,19,1,Bachelors,6.2,3.18,4,2,50.1,FALSE,laptop,friend,paid,24,N,,n/a,0
L-02653,2026-04-02,15,3,High School,6.5,4.91,9,4,77.5,N,laptop,youtube,free,3,yes,87.7,,1
L-02149,2026-02-14,24,tier-2,Masters,5.3,3.9,3,5,67.3,Y,Mobile,friend,scholarship,2,yes,81.9,,1
L-00896,2026-04-21,20,1,High School,2.8,2.77,0,2,67.8,TRUE,mobile,friend,free,42,no,,,0
L-01259,04-02-2026,20,1,B.Tech,6.0,2.85,3,1,100.8,1,mobile,friend,free,24,TRUE,73.5,,1
L-00898,2026-03-24,18,1,High School,5.9,3.66,1,2,22.3,no,phone,ngo_outreach,scholarship,10,N,,,0
L-01584,2026-02-05,20,tier-1,Other,3.5,2.69,5,5,29.1,Yes,desktop,school_partner,free,28,1,81.9,,1
L-02362,2026-03-18,21,2,Bachelors,4.9,0.07,0,2,30.0,TRUE,mobile,youtube,paid,43,0,,,0
L-00894,2026-06-18,30,tier-1,DIPLOMA,7.5,3.96,4,4,50.8,no,tablet,instagram,scholarship,30,No,,follow up next intake,0
L-02537,20/05/2026,,1,High School,5.5,4.04,4,6,18.7,No,mobile,instagram,free,14,yes,99.4,-,1
L-02113,09-05-2026,17,3,High School,9.8,2.67,3,2,0.0,FALSE,mobile,school_partner,scholarship,19,0,,,0
L-02466,2026-06-19,15,2,High School,10.1,1.78,2,2,60.9,no,desktop,youtube,free,9,FALSE,,,0
L-00829,2026-04-18,24,1,Masters,1.6,1.56,0,1,47.3,TRUE,desktop,instagram,scholarship,15,No,,,0
L-02173,2026-04-05,19,2,High School,2.6,3.67,2,7,72.8,FALSE,mobile,instagram,free,10,N,,asked about certificate,0
L-00918,2026-03-02,15,1,Bachelors,7.7,4.14,0,3,24.7,No,laptop,school_partner,paid,38,N,,,0
L-01042,2026-02-23,23,3,Bachelors,2.7,0.2,0,0,30.8,FALSE,mobile,friend,free,36,FALSE,,,0
L-01380,10-04-2026,27,tier-3,Bachelors,9.6,2.24,0,4,29.5,0,Tablet,other,free,11,No,,requested extension,0
L-00098,2026-04-13,16,2,bachelors,5.3,4.18,5,2,70.1,N,mobile,youtube,free,15,FALSE,,asked about certificate,0
L-02381,2026-02-07,23,3,B.Tech,3.6,1.06,3,0,53.8,1,Laptop,friend,free,11,0,,,0
L-00050,16-01-2026,26,1,Bachelors,4.9,3.1,6,1,75.4,0,tablet,instagram,free,3,Yes,61.3,,1
L-00775,2026-03-03,15,tier-1,Bachelors,3.1,,5,3,27.5,FALSE,phone,youtube,scholarship,7,TRUE,80.2,called on phone,1
L-01726,11/04/2026,23,tier-1,Masters,10.8,2.25,4,1,38.7,Yes,MOBILE,instagram,scholarship,38,0,44.9,,
L-02098,2026-04-05,32,2,Diploma,5.1,0.0,2,3,32.2,1,desktop,ngo_outreach,scholarship,20,N,,,0
L-02486,2026-05-26,21,tier-2,bachelor degree,14.0,4.01,1,3,23.9,no,laptop,instagram,scholarship,31,Yes,89.5,asked about certificate,1
L-02370,22/02/2026,20,3,High-School,8.6,3.16,6,8,57.3,N,notebook,school_partner,free,2,N,,,0
L-02686,27/03/2026,22,2,Diploma,2.6,5.63,6,1,62.0,FALSE,desktop,instagram,free,31,Y,71.7,,1
L-01516,28-04-2026,24,2,High School,10.0,4.8,8,2,92.7,No,laptop,youtube,paid,18,Y,77.8,,1
L-02543,18-01-2026,23,3,Bachelors,5.2,0.81,2,1,,Y,laptop,school_partner,scholarship,33,Yes,67.4,,1
L-02420,16-03-2026,24,1,Diploma,9.3,3.87,4,3,61.5,yes,phone,other,scholarship,18,1,85.2,called on phone,1
L-00383,2026-04-21,22,2,Diploma,3.8,2.72,2,1,1.4,N,desktop,instagram,free,24,N,39.9,,0
L-00069,01/03/2026,,3,HS,7.6,1.58,4,5,60.4,yes,mobile,school_partner,free,22,0,18.6,,0
L-00823,2026-02-02,15,2,unknown,4.2,0.0,2,5,0.0,no,tablet,youtube,paid,34,no,,,0
L-00345,2026-06-19,15,2,Diploma,7.3,1.89,0,3,0.0,,MOBILE,friend,paid,21,0,,duplicate?  check,0
L-02063,24/06/2026,20,2,high school,9.2,4.54,3,1,1.2,No,mobile,instagram,scholarship,32,no,,n/a,0
L-01063,20/06/2026,24,Tier 1,High School,4.8,1.77,4,5,25.9,1,laptop,ngo_outreach,paid,38,0,,called on phone,0
L-02654,2026-02-03,22,2,Diploma,8.5,6.12,9,4,81.8,Y,laptop,friend,scholarship,2,TRUE,78.7,called on phone,1
L-02771,2026-02-17,22,Tier 3,High School,6.7,1.24,6,2,,yes,mobile,youtube,free,6,0,55.6,duplicate?  check,0
L-00322,2026-02-22,,2,High School,8.9,,5,6,27.7,Y,mobile,school_partner,scholarship,16,TRUE,70.1,n/a,1
L-01839,04-03-2026,24,2,masters,1.7,5.11,8,6,22.7,no,laptop,instagram,free,21,N,,,0
L-00760,2026-05-14,15,1,,11.9,3.99,8,7,64.1,FALSE,mobile,instagram,free,2,TRUE,73.2,follow up next intake,1
L-02557,2026-03-16,23,2,diploma,10.7,1.78,4,3,38.3,1,mobile,youtube,free,29,No,,duplicate?  check,0
L-01566,06-03-2026,17,3,High School,7.8,0.47,0,2,,no,mobile,friend,free,19,no,,,0
L-02205,2026-04-06,24,2,Bachelor's,2.0,3.86,3,1,,0,mobile,youtube,free,30,no,,n/a,0
L-01229,2026-03-04,26,tier-1,Diploma,14.5,0.2,0,2,19.7,yes,laptop,instagram,free,10,No,39.2,n/a,0
L-00407,2026-02-06,20,1,,,1.38,6,4,,FALSE,laptop,school_partner,scholarship,8,1,67.3,-,1
L-02711,2026-03-20,20,2,Bachelors,12.1,2.48,4,6,76.8,Y,laptop,friend,paid,0,Y,94.1,,1
L-01518,28-03-2026,25,1,HS,6.6,4.64,5,10,78.0,No,mobile,friend,scholarship,24,No,,requested extension,0
L-00452,14-01-2026,24,1,High School,4.2,0.83,2,3,50.6,no,Mobile,instagram,scholarship,11,N,,-,0
L-01909,2026-03-19,300,tier-1,High School,3.7,2.3,6,2,48.4,no,mobile,ngo_outreach,paid,25,N,,follow up next intake,0
L-02289,2026-05-02,26,2,High School,4.9,4.74,6,5,68.9,0,mobile,other,paid,3,No,,n/a,0
L-01235,14-06-2026,20,2,High School,9.9,3.08,0,1,0.0,No,desktop,youtube,scholarship,43,N,,duplicate?  check,0
L-01601,12-05-2026,20,1,High School,3.7,1.22,10,5,76.0,TRUE,Mobile,ngo_outreach,free,1,Y,79.9,,1
L-02403,2026-01-08,21,2,Diploma,9.6,4.3,5,7,67.1,No,tablet,youtube,scholarship,5,Y,90.2,duplicate?  check,1
L-00152,2026-02-07,18,2,,11.5,2.91,6,6,20.0,FALSE,mobile,instagram,free,12,Yes,81.5,,1
L-00552,2026-04-17,27,3,Diploma,1.7,0.0,1,0,27.1,FALSE,mobile,friend,scholarship,31,N,,,0
L-02271,14-06-2026,23,3,Diploma,11.0,3.77,10,8,88.7,no,laptop,friend,scholarship,4,1,84.0,n/a,1
L-01532,2026-01-21,22,3,highschool,6.9,1.58,0,5,21.9,TRUE,mobile,school_partner,free,47,FALSE,,,0
L-02558,11-05-2026,19,T1,Diploma,1.6,0.24,1,2,35.9,1,mobile,ngo_outreach,paid,35,FALSE,37.1,,0
L-01569,2026-04-21,27,2,High School,6.0,2.61,3,1,40.3,no,PC,instagram,paid,21,Y,53.6,,1
L-02034,2026-01-06,21,1,highschool,1.0,3.55,1,0,55.1,,mobile,instagram,paid,11,yes,77.7,duplicate?  check,1
L-00955,2026-05-28,23,1,High School,8.7,3.19,7,2,86.8,TRUE,laptop,school_partner,free,14,yes,84.2,,1
L-01419,2026-02-17,20,2,Bachelors,8.4,3.54,9,6,78.4,1,mobile,youtube,paid,0,Yes,81.4,,1
L-02142,2026-01-22,15,2,High School,7.3,2.01,2,4,21.6,Y,laptop,ngo_outreach,scholarship,14,N,,,0
L-00356,2026-04-09,,2,DIPLOMA,9.5,2.65,1,2,36.0,No,mobile,friend,scholarship,19,0,,,0
L-00074,2026-04-19,16,2,Bachelors,5.1,5.19,3,0,57.8,TRUE,laptop,friend,paid,18,Y,72.3,,1
L-02151,2026-03-05,15,1,Masters,6.0,1.43,5,3,42.9,yes,laptop,school_partner,scholarship,6,TRUE,84.4,follow up next intake,1
L-01719,17-03-2026,21,2,Diploma,1.0,0.0,0,1,0.0,no,laptop,youtube,free,43,No,,n/a,0
L-01136,04/04/2026,18,T3,Bachelors,9.1,0.2,2,3,33.5,yes,MOBILE,instagram,scholarship,23,No,,,0
L-01531,2026-04-12,18,3,HS,5.1,1.56,6,0,55.8,no,mobile,instagram,scholarship,4,N,,,0
L-00646,2026-05-19,17,1,High School,12.0,3.25,5,12,67.3,TRUE,mobile,ngo_outreach,free,24,Y,73.5,requested extension,1
L-02082,23/04/2026,17,tier-2,High School,6.5,4.57,7,5,67.7,TRUE,Mobile,friend,free,7,Yes,84.9,,1
L-02065,08/03/2026,19,2,B.Tech,8.2,4.15,5,1,73.7,No,tablet,instagram,scholarship,15,FALSE,,-,0
L-00603,2026-01-13,23,1,Diploma,3.6,4.06,5,0,40.6,FALSE,desktop,instagram,free,20,0,,,0
L-02507,2026-03-26,24,2,Bachelors,6.0,3.56,7,0,35.8,N,phone,friend,free,18,1,72.6,follow up next intake,1
L-01138,2026-02-17,22,2,High School,12.0,1.16,6,0,80.5,0,mobile,ngo_outreach,free,19,N,,-,0
L-00911,2026-02-13,21,2,High School,138.8,2.64,0,5,27.9,N,laptop,school_partner,paid,10,0,,duplicate?  check,0
L-00030,2026-06-07,,2,High School,7.1,3.32,4,6,36.2,N,desktop,school_partner,paid,13,Yes,89.3,,1
L-01018,2026-02-19,23,3,Bachelor's,4.0,0.05,0,4,40.3,0,mobile,friend,free,35,0,,,0
L-02698,2026-06-23,24,2,Bachelors,7.7,4.25,7,4,63.1,N,mobile,instagram,scholarship,13,no,,,0
L-00476,2026-02-14,21,1,Bachelors,11.8,3.73,6,0,92.9,0,Mobile,friend,scholarship,14,no,,n/a,0
L-00570,2026-03-11,20,3,Bachelors,2.7,0.57,0,2,51.2,1,laptop,school_partner,scholarship,14,No,,n/a,0
L-01186,2026-05-10,18,2,Bachelors,6.7,3.94,3,5,35.9,FALSE,mobile,friend,free,8,No,,,0
L-02181,24-03-2026,15,1,Diploma,8.6,3.12,1,3,45.0,FALSE,laptop,instagram,free,17,0,,,0
L-00746,2026-06-07,26,3,diploma,5.4,2.58,2,1,13.6,0,mobile,friend,paid,17,0,45.8,requested extension,0
L-00787,2026-06-06,16,T2,Masters,7.3,5.34,0,8,61.4,0,phone,friend,scholarship,11,FALSE,,,0
L-00631,2026-03-17,20,3,high school,7.4,2.79,1,9,65.6,N,mobile,school_partner,scholarship,11,0,,-,0
L-01209,2026-05-06,18,2,Other,11.0,3.33,0,4,47.3,No,Desktop,school_partner,scholarship,37,0,35.6,-,0
L-00638,2026-05-13,22,Tier 2,High School,,2.0,4,3,31.1,N,notebook,instagram,free,22,FALSE,,requested extension,0
L-02323,25/06/2026,29,3,Diploma,2.8,3.77,2,5,63.4,yes,mobile,friend,paid,34,N,38.2,,0
L-00276,05/06/2026,,3,Masters,8.7,1.67,1,3,19.4,no,mobile,instagram,paid,43,0,,,0
L-00928,2026-01-21,20,3,Masters,10.5,2.79,5,4,48.7,1,laptop,ngo_outreach,scholarship,1,Y,82.2,,1
L-02288,05/02/2026,16,1,highschool,1.5,3.85,2,3,18.0,No,Laptop,friend,scholarship,9,No,,,0
L-02407,2026-01-22,23,tier-1,High School,5.3,3.31,3,1,63.0,0,laptop,youtube,free,28,no,,asked about certificate,0
L-00472,2026-01-18,21,3,Bachelors,7.1,4.43,5,8,72.3,FALSE,laptop,youtube,free,13,Yes,77.0,duplicate?  check,1
L-01222,24-04-2026,32,1,Bachelors,7.1,3.27,4,1,111.2,Y,mobile,school_partner,free,14,1,81.3,,1
L-02225,02/02/2026,,1,Bachelors,7.3,4.22,10,12,57.9,no,laptop,youtube,paid,14,1,72.1,follow up next intake,1
L-02297,2026-02-05,19,2,Diploma,2.9,4.71,3,1,,yes,laptop,school_partner,paid,11,Y,65.4,,1
L-02538,19-03-2026,15,1,Bachelors,1.0,2.24,3,4,70.1,No,mobile,school_partner,free,25,FALSE,,called on phone,
L-02276,20/01/2026,20,2,High School,1.8,4.1,0,2,50.3,N,mobile,instagram,paid,16,TRUE,50.4,,0
L-01008,2026-04-16,20,2,Diploma,7.8,3.72,4,7,,TRUE,desktop,friend,scholarship,41,Yes,79.8,called on phone,1
L-02349,2026-01-14,15,3,bachelor degree,1.0,0.0,0,4,0.0,0,mobile,friend,paid,25,N,,called on phone,0
L-00596,2026-04-05,,1,diploma,8.4,2.84,1,7,46.6,N,Laptop,ngo_outreach,scholarship,3,0,,,0
L-02788,02/03/2026,16,1,Diploma,7.6,0.57,2,0,59.0,Y,mobile,instagram,paid,32,no,,n/a,0
L-01461,2026-04-04,24,2,Other,6.1,4.84,8,5,41.7,No,ipad,youtube,scholarship,6,TRUE,70.4,asked about certificate,1
L-01296,27-01-2026,24,,Diploma,13.5,1.37,2,2,73.0,0,laptop,youtube,free,20,0,,,0
L-00005,2026-05-01,20,1,High School,5.7,4.53,4,1,46.6,0,laptop,school_partner,scholarship,10,N,,,0
L-01590,2026-04-15,16,2,High School,7.0,3.16,3,3,33.4,TRUE,laptop,school_partner,scholarship,24,no,,,0
L-00364,2026-03-06,23,2,Bachelors,5.9,3.68,0,1,39.6,TRUE,mobile,instagram,scholarship,9,No,,asked about certificate,0
L-01995,20-03-2026,27,3,bachelor degree,9.2,1.72,1,1,30.3,no,notebook,friend,scholarship,23,0,50.7,asked about certificate,0
L-00806,04-02-2026,21,T1,DIPLOMA,,1.46,0,9,0.0,,mobile,friend,free,33,0,,follow up next intake,0
L-00223,15-01-2026,21,3,High School,13.3,4.54,7,4,43.3,FALSE,laptop,friend,scholarship,20,no,,,0
L-00072,26-03-2026,15,3,DIPLOMA,2.7,2.38,0,2,45.6,0,mobile,instagram,scholarship,17,FALSE,,,0
L-00414,2026-05-25,22,3,,3.0,3.51,6,6,64.4,0,mobile,ngo_outreach,free,28,No,,-,0
L-02396,2026-02-03,19,tier-1,Bachelors,8.9,2.33,2,1,30.9,Y,mobile,friend,paid,26,0,,asked about certificate,0
L-02511,2026-05-10,24,1,diploma,1.2,2.58,3,1,,yes,tablet,youtube,paid,36,No,,n/a,0
L-01540,2026-04-19,17,2,Bachelors,,2.96,2,3,47.7,0,mobile,other,paid,40,no,37.8,,0
L-01680,2026-02-02,21,1,High School,7.8,1.28,1,1,11.5,N,mobile,instagram,free,42,0,,called on phone,0
L-01316,2026-01-21,25,2,High School,6.8,4.66,9,1,100.0,no,laptop,instagram,scholarship,30,No,88.9,requested extension,1
L-02339,2026-04-27,16,3,Bachelors,1.7,1.97,7,1,51.8,FALSE,mobile,school_partner,scholarship,6,TRUE,71.3,asked about certificate,1
L-01175,2026-05-25,27,2,High School,5.0,3.63,9,5,,0,PC,school_partner,free,15,TRUE,78.8,,1
L-02294,2026-01-25,23,Tier 3,Bachelors,5.9,3.46,4,3,31.9,N,laptop,youtube,paid,9,yes,71.6,n/a,1
L-01934,2026-05-26,15,1,High School,10.5,2.98,3,3,55.7,no,phone,instagram,scholarship,6,N,,requested extension,0
L-01156,2026-04-14,22,3,High School,11.6,4.23,9,0,79.7,No,laptop,friend,paid,15,Yes,78.4,,1
L-01149,2026-02-27,18,2,Masters,6.7,3.3,6,2,67.3,Y,mobile,school_partner,free,27,0,,,0
L-00238,2026-06-23,18,1,High School,7.2,2.89,9,9,38.4,TRUE,mobile,youtube,free,10,TRUE,67.7,called on phone,1
L-02359,2026-02-24,19,1,Bachelors,7.8,4.65,4,1,52.5,N,laptop,school_partner,free,5,no,,duplicate?  check,0
L-00470,2026-06-01,15,1,Diploma,7.7,4.06,5,3,59.6,yes,mobile,school_partner,paid,14,Yes,74.0,,1
L-02596,22-06-2026,30,2,Bachelors,3.0,0.0,0,2,6.3,Yes,mobile,instagram,free,32,0,,called on phone,0
L-00777,2026-06-17,17,1,Diploma,7.4,3.9,4,0,22.4,no,mobile,instagram,paid,23,FALSE,32.8,,0
L-00608,2026-04-02,20,1,Diploma,6.8,2.98,0,1,59.7,Y,tablet,friend,scholarship,24,N,,requested extension,0
L-02633,2026-02-06,19,tier-2,Masters,5.9,2.64,8,5,65.0,no,laptop,school_partner,free,20,No,,n/a,0
L-01367,27-05-2026,21,1,High School,4.2,2.0,2,2,54.8,Yes,mobile,friend,free,30,no,,,0
L-00920,01-01-2026,22,2,,1.0,3.08,2,4,,1,MOBILE,ngo_outreach,free,13,N,,-,0
L-01790,2026-04-15,16,2,High School,5.5,3.3,1,6,,no,laptop,instagram,free,14,0,28.4,,0
L-00442,03-04-2026,22,3,Masters,5.2,5.57,4,6,86.9,N,mobile,instagram,free,17,Yes,82.4,,1
L-00455,2026-02-25,20,3,high school,3.2,3.53,2,0,41.3,,tablet,other,scholarship,45,No,,,0
L-01480,2026-03-14,21,Tier 3,Bachelor's,7.9,,4,4,62.3,1,mobile,instagram,scholarship,21,Yes,72.2,,1
L-00185,20/01/2026,23,T1,High School,4.2,3.95,6,0,25.5,Y,laptop,friend,free,1,no,16.1,,0
L-01914,2026-03-23,16,3,Bachelor's,5.4,2.52,5,5,64.2,0,notebook,youtube,free,8,Yes,83.3,duplicate?  check,1
L-02226,2026-04-11,21,1,Other,9.8,0.0,0,4,33.2,No,mobile,friend,scholarship,32,No,,requested extension,0
L-00761,2026-02-19,24,Tier 1,Masters,1.4,6.68,8,0,49.0,0,Laptop,school_partner,free,15,Y,84.6,follow up next intake,1
L-02191,2026-05-26,22,1,High School,6.1,4.7,7,1,77.1,N,phone,school_partner,free,16,No,48.4,n/a,0
L-01788,2026-05-14,17,3,High-School,16.6,4.57,6,5,78.9,Yes,MOBILE,instagram,free,23,yes,80.5,,1
L-01353,2026-06-11,24,2,High School,4.9,0.47,4,7,14.3,0,Laptop,youtube,free,38,0,,,0
L-01352,2026-05-27,21,3,High School,10.6,3.6,7,1,56.2,N,notebook,instagram,scholarship,6,1,,,0
L-02210,05-02-2026,16,2,High School,9.5,3.62,5,5,18.8,TRUE,desktop,instagram,scholarship,40,0,,,0
L-01832,20/02/2026,20,tier-3,High School,7.0,1.73,6,7,56.9,0,desktop,youtube,scholarship,13,no,,n/a,0
L-01142,01-04-2026,25,3,High School,2.6,1.51,2,3,40.1,1,mobile,friend,scholarship,11,0,,,0
L-01231,2026-01-25,25,3,Diploma,164.7,5.1,5,4,41.6,no,tablet,instagram,free,2,FALSE,,asked about certificate,0
L-01471,2026-03-06,18,2,,1.0,0.07,5,3,,0,laptop,friend,paid,10,1,65.9,called on phone,1
L-00732,2026-06-27,22,,High School,7.4,4.92,5,8,56.4,N,laptop,youtube,scholarship,34,No,,-,0
L-01085,2026-05-17,24,Tier 1,Diploma,10.7,3.45,5,7,63.0,N,laptop,instagram,free,42,TRUE,76.4,-,1
L-01127,18-01-2026,29,2,,140.7,3.08,5,3,115.2,1,mobile,friend,scholarship,25,Yes,76.4,,1
L-01501,24/05/2026,17,1,High School,3.9,1.73,0,1,34.9,Yes,tablet,school_partner,free,31,FALSE,50.1,n/a,0
L-00423,25-04-2026,18,3,Diploma,3.6,3.38,7,9,48.0,,notebook,youtube,paid,8,1,78.0,duplicate?  check,1
L-02350,2026-01-07,19,Tier 3,Bachelors,3.6,1.86,0,3,20.6,Y,laptop,instagram,paid,55,No,,,0
L-00058,2026-02-27,25,1,High-School,13.0,1.49,2,1,,yes,laptop,friend,free,33,N,,-,0
L-00009,2026-05-27,21,T3,Bachelors,1.0,2.51,0,2,21.5,0,notebook,ngo_outreach,paid,26,no,41.5,follow up next intake,0
L-01609,2026-01-10,20,2,High School,11.0,7.0,9,11,96.6,N,notebook,instagram,free,3,1,74.4,,1
L-01013,19/04/2026,24,2,High School,5.3,1.28,0,3,34.8,1,mobile,youtube,paid,52,N,,called on phone,0
L-00419,05/02/2026,,2,OTHER,9.8,2.69,5,2,57.7,no,notebook,friend,scholarship,10,no,,,0
L-01801,2026-03-09,21,Tier 3,High School,5.5,6.71,10,7,72.1,No,mobile,school_partner,free,0,1,63.8,requested extension,1
L-01383,12/01/2026,28,1,Bachelors,7.5,0.58,5,2,49.2,N,Laptop,friend,scholarship,27,yes,75.6,follow up next intake,1
L-02347,2026-04-26,22,1,Bachelors,1.0,5.9,8,5,51.2,N,mobile,instagram,free,2,Y,81.1,requested extension,1
L-01035,2026-01-06,16,2,Bachelors,8.7,2.68,3,1,,FALSE,mobile,youtube,free,39,No,,follow up next intake,0
L-02308,2026-06-04,17,2,Diploma,4.8,2.24,5,4,58.0,no,mobile,school_partner,free,26,FALSE,43.1,,0
L-01066,2026-04-03,18,1,B.Tech,9.2,2.06,6,1,,1,mobile,school_partner,scholarship,3,1,57.0,called on phone,1
L-01458,2026-02-16,24,tier-2,High School,13.4,3.18,6,7,35.1,N,desktop,school_partner,scholarship,12,Y,69.8,,1
L-00858,20-03-2026,19,T1,bachelor degree,5.0,,4,1,58.9,No,Tablet,ngo_outreach,free,22,No,,requested extension,0
L-00046,2026-03-17,22,Tier 2,Bachelors,9.4,1.54,5,0,34.2,FALSE,mobile,instagram,free,20,N,,,0
L-02117,2026-03-11,27,2,high school,8.0,0.0,1,1,,N,laptop,youtube,scholarship,14,Y,71.9,-,1
L-01459,2026-04-17,21,1,High-School,12.3,4.98,8,1,93.8,0,mobile,ngo_outreach,free,13,Yes,64.7,,1
L-01552,16-04-2026,19,Tier 2,Bachelors,2.8,1.17,0,2,5.8,1,mobile,youtube,paid,40,No,,,0
L-00730,23-02-2026,20,3,High School,2.4,5.09,4,2,65.5,TRUE,laptop,friend,free,11,No,,called on phone,0
L-02469,2026-01-20,25,tier-3,High School,7.7,5.75,6,8,90.5,yes,MOBILE,friend,free,30,0,,duplicate?  check,0
L-00177,02/04/2026,27,1,bachelor degree,5.9,4.42,0,0,56.1,FALSE,desktop,youtube,scholarship,23,FALSE,,,0
L-00003,02/05/2026,27,3,DIPLOMA,,1.78,3,2,35.1,0,mobile,instagram,scholarship,17,No,,duplicate?  check,0
L-02163,2026-03-14,21,2,Diploma,8.3,2.84,1,2,66.4,Y,laptop,instagram,scholarship,30,no,,,0
L-00026,2026-03-12,19,1,Bachelors,4.8,3.78,5,4,23.9,0,notebook,school_partner,free,27,FALSE,,-,0
L-01141,2026-02-05,21,1,Diploma,7.8,4.5,7,4,79.5,Y,tablet,ngo_outreach,free,13,1,76.0,,1
L-02662,2026-01-09,23,T1,Diploma,9.0,3.44,5,2,50.8,0,mobile,instagram,free,27,FALSE,,,0
L-00195,18-02-2026,18,T1,Bachelors,4.7,1.71,0,1,50.4,no,mobile,instagram,scholarship,26,FALSE,45.1,follow up next intake,0
L-00492,2026-03-17,20,1,Diploma,7.1,3.32,9,2,66.9,No,mobile,ngo_outreach,free,7,Y,83.2,,1
L-00184,2026-01-22,26,2,Bachelors,8.9,2.46,3,3,42.7,1,Mobile,school_partner,paid,23,N,,called on phone,0
L-00784,2026-04-09,24,2,,6.7,0.0,2,7,,N,laptop,ngo_outreach,free,1,0,,duplicate?  check,0
L-00507,2026-06-10,15,Tier 2,High School,,2.88,3,4,26.4,1,laptop,friend,free,12,yes,86.5,requested extension,1
L-00437,2026-06-21,24,2,Bachelors,,3.38,1,2,39.9,0,phone,instagram,free,36,No,50.1,,0
L-00688,2026-01-17,,1,Diploma,6.5,4.67,9,4,96.1,N,laptop,youtube,free,9,yes,88.4,,1
L-01656,2026-05-08,19,tier-1,High School,,2.95,2,0,56.4,1,mobile,instagram,free,20,0,,duplicate?  check,0
L-02779,2026-02-28,21,3,B.Tech,3.2,1.92,1,7,,FALSE,mobile,school_partner,scholarship,38,FALSE,,,0
L-01386,24-03-2026,15,3,Masters,9.8,2.78,8,5,69.9,no,laptop,instagram,free,18,Y,69.8,asked about certificate,1
L-00626,2026-06-28,15,2,High School,1.0,4.08,5,4,51.1,no,Mobile,instagram,scholarship,14,yes,69.8,,1
L-01608,2026-02-16,17,3,Diploma,5.5,1.95,2,3,48.6,0,mobile,instagram,free,25,no,32.1,duplicate?  check,0
L-02184,2026-03-09,16,1,Other,5.9,4.71,5,4,69.6,Yes,mobile,school_partner,paid,26,yes,79.5,called on phone,1
L-02252,2026-03-01,17,2,High School,11.4,3.81,7,6,63.1,no,mobile,youtube,free,13,Y,70.0,-,1
L-01661,2026-06-26,15,T1,Diploma,7.2,4.65,9,4,61.3,Yes,laptop,youtube,scholarship,10,yes,76.8,requested extension,1
L-02229,2026-06-08,19,2,High School,11.5,2.98,1,0,45.5,N,mobile,instagram,paid,37,no,,,0
L-02547,2026-03-20,20,1,High School,9.9,1.63,0,0,37.2,No,mobile,instagram,scholarship,21,No,,follow up next intake,0
L-00108,2026-04-09,25,2,Bachelors,3.4,4.57,3,6,46.6,yes,tablet,friend,scholarship,13,1,77.6,duplicate?  check,1
L-00514,2026-02-06,27,tier-3,Other,9.5,3.77,2,1,4.5,1,notebook,youtube,scholarship,1,N,,requested extension,0
L-00337,05-06-2026,23,3,High-School,6.4,3.83,1,1,37.7,N,mobile,instagram,paid,16,No,,,0
L-00164,25-04-2026,19,2,Masters,8.8,0.79,4,3,15.5,yes,mobile,friend,scholarship,14,TRUE,86.7,duplicate?  check,1
L-01799,2026-02-24,19,2,High School,4.7,0.73,4,6,29.5,FALSE,tablet,youtube,free,16,No,43.5,asked about certificate,0
L-02309,2026-06-23,24,tier-3,masters,9.3,4.46,1,6,39.9,No,laptop,school_partner,scholarship,5,0,,follow up next intake,0
L-02272,2026-01-04,23,1,Diploma,6.5,0.65,2,0,0.0,1,desktop,friend,paid,21,N,,,0
L-02039,2026-03-10,24,2,Masters,8.3,1.52,4,6,52.8,Y,desktop,ngo_outreach,free,13,N,,follow up next intake,0
L-00707,2026-01-05,15,3,Bachelors,3.3,3.29,4,3,65.4,Y,mobile,youtube,free,13,Y,77.9,n/a,1
L-02204,2026-04-05,16,3,B.Tech,10.7,3.74,4,5,30.8,FALSE,mobile,youtube,free,19,0,,,0
L-01313,2026-01-09,15,2,Diploma,6.4,4.6,4,0,45.0,N,desktop,friend,free,26,FALSE,,duplicate?  check,0
L-01725,2026-03-09,23,2,highschool,6.5,3.26,2,3,63.3,TRUE,Mobile,instagram,free,7,N,,,0
L-02133,2026-01-18,26,1,Bachelors,8.9,5.47,1,9,53.1,Y,mobile,instagram,paid,1,0,,n/a,0
L-00377,20/01/2026,19,Tier 1,Bachelors,11.6,2.86,1,2,,yes,mobile,school_partner,scholarship,9,no,,asked about certificate,0
L-01064,03/05/2026,15,3,High School,5.7,1.29,7,2,40.8,TRUE,mobile,instagram,scholarship,14,1,80.0,,1
L-01729,2026-04-20,19,3,Masters,13.4,5.66,10,7,54.5,Yes,phone,school_partner,scholarship,1,Y,64.4,duplicate?  check,1
L-01425,2026-01-24,22,3,High School,7.2,,2,2,0.0,0,mobile,friend,paid,46,0,58.8,,0
L-01886,2026-05-05,16,1,DIPLOMA,3.8,3.27,0,3,27.2,Y,mobile,ngo_outreach,free,18,0,,requested extension,0
L-02329,2026-01-23,29,2,bachelors,9.0,3.47,8,7,81.2,N,laptop,school_partner,free,22,Yes,77.9,n/a,1
L-00619,16/06/2026,21,3,Diploma,5.6,4.61,4,5,61.8,FALSE,laptop,friend,scholarship,9,1,75.5,asked about certificate,1
L-01748,19-04-2026,20,2,Bachelors,7.7,2.75,2,0,43.2,0,mobile,instagram,free,16,N,,,0
L-00489,15/01/2026,24,1,Bachelors,,2.52,5,0,19.0,yes,mobile,school_partner,scholarship,22,0,,,0
L-01398,19-04-2026,26,2,High School,5.3,2.08,3,4,31.0,yes,mobile,school_partner,free,25,no,,,0
L-01025,2026-05-03,26,2,bachelors,1.0,2.35,4,1,38.9,no,mobile,instagram,scholarship,24,N,,,0
L-01396,2026-01-17,15,1,High School,4.4,4.82,5,4,39.9,0,laptop,youtube,free,5,yes,70.1,,1
L-01526,2026-01-15,25,3,Bachelors,1.0,1.99,1,1,15.1,no,desktop,friend,scholarship,44,FALSE,,follow up next intake,0
L-02640,05-05-2026,30,3,highschool,12.8,3.12,4,3,12.4,No,desktop,instagram,free,28,FALSE,42.8,called on phone,0
L-01268,12-05-2026,21,1,Bachelors,11.9,3.51,5,10,,Y,laptop,youtube,free,5,N,,,0
L-02482,2026-02-02,19,tier-3,Diploma,11.7,4.26,9,6,90.2,0,laptop,friend,free,6,TRUE,63.3,n/a,1
L-00580,12-06-2026,18,,Diploma,2.7,1.05,0,2,,N,laptop,friend,free,29,FALSE,,,0
L-00944,25-01-2026,21,2,Diploma,5.6,1.23,1,2,41.6,1,mobile,friend,free,34,no,,,0
L-02564,2026-02-05,20,1,highschool,2.8,1.78,2,2,62.0,No,Mobile,ngo_outreach,free,16,No,,follow up next intake,0
L-02144,05/05/2026,,3,Bachelors,8.9,5.05,3,6,59.6,FALSE,desktop,school_partner,free,6,TRUE,83.7,,1
L-00368,21-06-2026,21,T1,Masters,7.8,3.17,0,2,61.3,yes,mobile,friend,free,34,0,,requested extension,0
L-02255,2026-02-16,31,1,Bachelors,4.6,2.72,5,3,14.5,Y,desktop,youtube,scholarship,32,FALSE,,,0
L-02744,2026-05-16,23,2,High School,8.4,5.13,7,6,69.4,1,Tablet,school_partner,free,5,FALSE,,,0
L-00810,2026-04-15,18,tier-1,DIPLOMA,8.6,2.38,1,1,4.2,0,mobile,friend,free,33,FALSE,,,0
L-00611,2026-02-17,15,T2,Diploma,5.1,1.8,2,3,18.6,no,mobile,instagram,paid,43,no,,called on phone,0
L-00818,12/03/2026,21,2,unknown,5.0,5.63,3,9,25.2,0,laptop,youtube,free,10,TRUE,80.2,asked about certificate,1
L-00004,2026-04-12,15,2,High School,5.4,5.17,10,7,100.0,1,PC,youtube,scholarship,1,Y,68.7,requested extension,1
L-02563,2026-04-08,20,2,bachelors,3.7,2.24,4,2,48.5,0,laptop,friend,scholarship,15,FALSE,,n/a,0
L-02116,2026-04-12,24,3,High School,8.3,4.17,4,2,72.2,No,mobile,instagram,scholarship,6,N,62,asked about certificate,0
L-00835,2026-03-09,19,2,Masters,1.0,5.29,7,8,35.9,FALSE,laptop,instagram,free,1,Yes,71.3,,1
L-02241,02/01/2026,23,T1,other,2.5,2.76,3,3,55.9,FALSE,laptop,friend,scholarship,23,No,51.0,,0
L-02620,2026-04-19,18,T2,Diploma,3.3,4.64,0,3,53.2,0,desktop,school_partner,scholarship,44,N,,duplicate?  check,0
L-01217,2026-05-22,23,3,Diploma,4.7,4.54,4,3,50.5,no,Laptop,school_partner,free,14,no,,called on phone,0
L-01395,2026-06-28,26,tier-2,Bachelors,8.3,0.0,1,2,,Y,tablet,other,free,43,no,,-,0
L-01542,2026-03-11,23,3,,2.2,4.19,0,2,60.9,Y,mobile,ngo_outreach,scholarship,36,FALSE,,duplicate?  check,0
L-00463,09-04-2026,21,2,OTHER,3.1,2.6,0,4,34.7,0,laptop,friend,scholarship,29,No,56.4,,0
L-00416,12-04-2026,25,1,Diploma,1.6,2.65,6,2,,No,mobile,youtube,scholarship,16,N,,follow up next intake,0
L-02670,27/02/2026,22,2,Other,13.8,3.53,7,2,64.6,No,notebook,friend,paid,34,TRUE,73.9,requested extension,1
L-02135,26/03/2026,19,Tier 1,Diploma,3.7,2.74,1,4,25.2,Y,mobile,school_partner,free,29,N,62,,0
L-01161,06-05-2026,18,1,Diploma,9.3,2.34,3,0,42.5,0,notebook,ngo_outreach,free,6,no,,,0
L-02002,2026-05-21,19,3,High School,9.4,4.4,1,6,52.0,Yes,mobile,friend,paid,21,FALSE,,asked about certificate,0
L-02247,2026-03-16,27,Tier 2,High-School,9.2,3.86,0,2,36.4,No,laptop,youtube,scholarship,25,no,,called on phone,0
L-01403,2026-03-24,20,2,High School,4.3,4.52,5,4,68.9,No,laptop,friend,free,12,yes,75.6,,1
L-02042,2026-05-26,25,3,High School,6.0,1.45,0,0,31.0,No,mobile,friend,scholarship,28,No,,requested extension,0
L-00165,2026-01-15,21,1,highschool,1.0,2.99,0,4,52.7,FALSE,desktop,friend,paid,19,N,,requested extension,0
L-02303,2026-02-25,,3,Bachelors,17.9,3.06,5,3,39.1,1,laptop,instagram,paid,1,Y,68.9,requested extension,1
L-01416,25-01-2026,22,2,High School,7.6,5.47,10,5,100.0,N,phone,school_partner,scholarship,10,Y,88.9,duplicate?  check,1
L-02020,07-04-2026,29,1,Bachelors,6.1,1.72,6,1,40.3,0,mobile,youtube,free,16,Y,70.8,,1
L-00136,2026-01-26,19,3,Bachelors,5.8,3.5,10,6,100.0,TRUE,mobile,school_partner,paid,17,Y,90.7,follow up next intake,1
L-00035,2026-04-09,26,T2,DIPLOMA,9.3,3.14,4,2,52.2,Y,Mobile,instagram,scholarship,20,1,40.2,,0
L-01865,2026-01-17,,3,bachelor degree,9.7,3.54,5,2,43.7,Yes,Tablet,instagram,free,31,No,,asked about certificate,0
L-01992,19/04/2026,21,3,High School,1.0,2.0,6,4,62.3,0,desktop,instagram,scholarship,43,Y,75.0,,1
L-00845,15-03-2026,16,2,High School,5.6,4.97,4,4,71.3,no,phone,instagram,paid,12,1,69.0,,1
L-02120,2026-06-05,20,,High School,11.0,5.22,6,5,72.7,0,laptop,ngo_outreach,free,30,1,69.6,asked about certificate,1
L-00394,2026-03-12,17,3,Bachelors,10.4,3.49,2,5,62.5,N,laptop,instagram,scholarship,15,No,,called on phone,0
L-02522,2026-03-14,22,1,High School,8.7,5.09,10,2,82.0,N,mobile,instagram,free,2,Y,71.0,-,1
L-00149,27/06/2026,26,Tier 2,High School,5.4,2.8,0,0,8.0,TRUE,mobile,school_partner,paid,19,FALSE,,,0
L-01882,2026-01-04,22,1,Diploma,5.7,7.0,10,7,71.4,N,mobile,school_partner,paid,4,Yes,73.7,called on phone,1
L-00144,2026-04-26,24,1,High School,3.7,3.05,7,7,72.3,N,laptop,school_partner,scholarship,11,Y,75.2,follow up next intake,1
L-00224,2026-03-20,25,3,High-School,6.1,4.02,8,1,34.2,1,desktop,ngo_outreach,scholarship,15,TRUE,91.9,,1
L-01300,2026-05-22,19,T2,Bachelors,7.0,4.26,1,1,44.2,no,mobile,instagram,scholarship,14,N,,,0
L-00454,2026-04-17,0,1,,6.0,3.55,7,4,52.8,no,mobile,instagram,free,11,No,,,0
L-02147,18-04-2026,17,1,,9.5,3.17,2,1,50.4,No,phone,school_partner,free,19,1,64.8,,1
L-00972,12/02/2026,23,tier-3,Masters,3.1,6.32,8,8,88.2,0,laptop,instagram,scholarship,6,Yes,84.7,follow up next intake,1
L-01437,10/02/2026,24,1,High School,11.3,5.96,7,8,97.8,TRUE,phone,friend,paid,10,Y,65.8,,1
L-00849,2026-03-05,17,2,Masters,4.2,4.44,6,5,93.9,TRUE,mobile,other,scholarship,21,1,75.2,duplicate?  check,1
L-02028,2026-02-06,28,Tier 3,Diploma,4.1,1.55,4,2,37.0,no,desktop,youtube,free,29,no,,requested extension,0
L-00424,2026-02-13,23,2,High School,10.6,2.67,4,3,76.3,No,mobile,school_partner,free,24,no,,,0
L-00194,14/02/2026,22,1,Diploma,7.8,1.7,3,1,33.2,TRUE,laptop,school_partner,free,27,yes,73.1,,1
L-00880,11-06-2026,19,3,M.Sc,5.9,3.86,5,1,79.4,Y,tablet,school_partner,free,11,1,75.1,,1
L-00965,2026-03-23,22,2,HS,8.1,5.03,6,0,81.1,yes,mobile,school_partner,free,23,Y,88.0,,1
L-00978,2026-03-06,18,3,Bachelors,1.0,3.41,1,0,37.2,0,ipad,youtube,free,33,FALSE,,follow up next intake,0
L-01556,2026-04-10,28,,High School,11.1,0.4,1,1,68.0,TRUE,MOBILE,school_partner,free,20,N,,,0
L-00921,2026-06-28,,2,Bachelors,6.8,0.56,0,9,2.5,No,mobile,instagram,free,22,N,,asked about certificate,0
L-02256,14-06-2026,20,3,Masters,5.5,4.0,5,2,33.5,0,desktop,instagram,free,10,N,,duplicate?  check,0
L-02326,2026-02-06,20,2,High School,1.0,2.77,2,0,35.1,FALSE,laptop,youtube,paid,16,TRUE,58.5,follow up next intake,1
L-00514,2026-02-06,27,tier-3,Other,9.5,3.77,2,1,4.5,1,notebook,youtube,scholarship,1,N,,requested extension,0
L-00264,2026-05-10,20,2,Bachelors,3.9,4.27,0,0,16.6,yes,mobile,youtube,free,19,no,,n/a,0
L-00494,22/05/2026,19,1,Diploma,3.1,0.23,3,1,61.0,Y,laptop,other,free,35,FALSE,,requested extension,0
L-01220,2026-05-03,27,2,Bachelors,6.2,3.46,7,6,91.4,TRUE,Laptop,school_partner,free,6,TRUE,94.1,n/a,1
L-01496,10-01-2026,28,2,DIPLOMA,1.0,2.64,4,7,30.7,TRUE,Mobile,friend,free,24,N,,follow up next intake,0
L-01784,2026-06-20,21,2,Bachelors,6.5,0.75,5,1,46.9,0,MOBILE,youtube,free,26,0,,-,0
L-00879,2026-05-05,19,2,High School,6.2,3.49,1,7,35.0,0,mobile,friend,scholarship,25,0,,,0
L-00081,18-02-2026,17,2,Diploma,4.8,,7,4,91.5,FALSE,Laptop,friend,paid,5,yes,85.2,,1
L-02505,2026-03-19,17,2,Bachelors,7.3,4.37,6,6,56.6,No,laptop,youtube,free,4,yes,63.9,called on phone,1
L-01548,2026-04-17,25,tier-2,B.Tech,4.9,3.12,5,0,,TRUE,mobile,school_partner,free,27,Yes,87.8,n/a,1
L-01824,20/05/2026,24,2,bachelor degree,3.6,3.16,2,0,18.2,0,laptop,other,scholarship,25,yes,77.5,called on phone,1
L-01524,2026-02-05,15,3,High School,4.8,1.41,0,1,28.5,1,mobile,youtube,paid,39,N,,duplicate?  check,0
L-00634,2026-02-18,19,1,Other,9.2,2.66,7,5,90.0,FALSE,Laptop,youtube,scholarship,29,TRUE,75.9,asked about certificate,1
L-01248,2026-03-01,30,2,High School,1.7,3.9,5,1,69.8,N,mobile,school_partner,scholarship,35,1,94.6,,1
L-02681,11/02/2026,22,3,Other,1.5,1.85,2,0,58.9,FALSE,mobile,other,free,31,no,,duplicate?  check,0
L-02739,2026-06-25,23,3,other,2.9,3.14,5,0,36.2,TRUE,mobile,school_partner,paid,11,yes,84.9,called on phone,1
L-01883,20-01-2026,22,T3,Bachelors,7.2,0.32,5,4,45.5,No,laptop,friend,paid,9,1,87.6,-,1
L-01826,03-02-2026,18,2,Diploma,10.9,4.47,2,2,59.6,No,tablet,instagram,scholarship,2,FALSE,,follow up next intake,0
L-02378,05/01/2026,24,3,Master's,3.8,1.37,1,5,18.8,yes,mobile,friend,free,33,N,43.5,requested extension,0
L-01148,21-04-2026,17,T2,High School,1.0,4.63,5,2,100.0,no,desktop,instagram,paid,25,TRUE,82.7,follow up next intake,1
L-00738,2026-01-25,21,Tier 2,High School,18.5,4.54,7,5,61.6,N,laptop,school_partner,free,10,Y,80.6,,1
L-00778,09/03/2026,24,T1,Diploma,7.7,1.58,0,1,35.2,FALSE,mobile,other,scholarship,21,no,,,0
L-01855,2026-01-08,25,1,Bachelors,11.7,2.2,2,2,19.3,No,mobile,school_partner,scholarship,20,N,,-,0
L-01980,2026-01-02,26,1,High School,,1.53,5,7,63.9,0,laptop,ngo_outreach,free,27,no,48.5,,0
L-02338,2026-02-16,21,2,Diploma,11.4,2.67,4,2,33.2,TRUE,mobile,youtube,scholarship,12,FALSE,,follow up next intake,0
L-00988,2026-01-08,20,1,bachelor degree,12.6,3.47,0,1,0.0,Y,Mobile,friend,free,9,1,84.4,-,1
L-02660,2026-05-11,28,3,Bachelors,11.6,3.19,2,1,40.7,yes,Mobile,ngo_outreach,scholarship,24,no,,requested extension,0
L-00489,15/01/2026,24,1,Bachelors,,2.52,5,0,19.0,yes,mobile,school_partner,scholarship,22,0,,,0
L-00799,07/01/2026,23,tier-2,highschool,8.0,2.31,5,1,26.8,yes,tablet,ngo_outreach,scholarship,21,yes,64.3,-,1
L-02485,2026-03-12,24,T2,Other,5.7,2.65,0,5,21.6,1,mobile,instagram,free,12,No,,,0
L-02414,25-01-2026,33,1,Diploma,5.4,2.15,2,3,36.3,Yes,mobile,instagram,free,23,No,41.7,n/a,0
L-01829,2026-04-24,22,1,Bachelors,9.4,3.62,2,0,28.0,N,mobile,school_partner,free,13,No,,,0
L-00160,2026-04-28,16,3,bachelors,,2.83,4,5,35.5,No,desktop,instagram,free,19,No,,n/a,0
L-02506,2026-03-18,30,2,Bachelor's,9.9,2.68,3,3,26.3,0,Desktop,instagram,free,19,Y,80.8,,1
L-00550,2026-03-09,24,2,diploma,5.8,4.94,4,7,56.7,No,laptop,instagram,free,9,1,72.1,,1
L-00362,2026-06-20,20,1,High School,9.6,4.18,6,4,100.0,No,desktop,ngo_outreach,scholarship,10,1,79.3,called on phone,1
L-00662,2026-04-02,27,2,Diploma,9.0,4.08,5,4,48.0,no,phone,instagram,scholarship,14,No,,requested extension,0
L-02258,24-02-2026,17,2,Bachelors,2.7,4.79,4,2,40.2,no,notebook,ngo_outreach,paid,23,Yes,69.4,,1
L-01005,2026-04-20,26,2,Bachelors,7.9,0.0,0,5,9.9,N,laptop,ngo_outreach,free,41,FALSE,,,0
L-01805,2026-06-23,,1,Bachelors,8.7,2.98,2,1,36.4,FALSE,notebook,instagram,free,18,0,,,0
L-00504,2026-01-19,18,1,Bachelors,6.1,3.11,6,8,70.8,No,MOBILE,school_partner,free,9,FALSE,,,0
L-00095,2026-06-07,27,1,high school,8.3,5.85,4,4,12.4,0,mobile,ngo_outreach,scholarship,8,no,,,0
L-02119,2026-02-11,17,3,High School,2.7,5.29,2,1,50.0,0,mobile,instagram,free,18,no,,n/a,0
L-01793,18-04-2026,26,1,High School,9.4,1.23,6,2,50.0,yes,mobile,friend,paid,10,Y,70.0,,1
L-00685,2026-04-04,15,T2,Bachelor's,12.0,5.34,7,0,55.1,no,tablet,other,free,15,0,55.7,-,0
L-01441,15-06-2026,17,1,High School,5.2,3.26,1,4,39.1,1,tablet,instagram,scholarship,23,FALSE,,,0
L-00902,2026-04-18,15,3,High School,9.0,1.86,5,0,67.6,N,mobile,friend,paid,2,no,,follow up next intake,0
L-00627,2026-05-10,21,2,,6.2,,3,1,39.9,Y,MOBILE,friend,free,15,N,,requested extension,0
L-01078,2026-03-28,15,1,B.Tech,6.7,4.17,3,1,41.8,Yes,phone,friend,scholarship,21,0,,asked about certificate,0
L-01666,07/06/2026,21,2,,19.7,2.26,2,3,63.9,0,laptop,youtube,free,28,no,,duplicate?  check,0
L-00753,2026-03-08,16,tier-1,Bachelors,6.0,3.53,1,4,11.3,no,laptop,instagram,free,34,0,,,0
L-01189,2026-01-18,28,2,Masters,7.8,3.66,5,6,62.6,FALSE,laptop,instagram,free,32,no,,duplicate?  check,0
L-00804,2026-05-01,22,tier-2,High School,1.2,2.29,6,1,54.6,No,desktop,friend,free,33,TRUE,93.0,requested extension,1
L-02244,19/05/2026,25,Tier 2,Other,2.5,3.17,3,4,41.9,0,desktop,friend,free,10,no,,,0
L-00291,2026-02-05,21,Tier 2,Bachelors,7.1,3.93,0,3,52.8,no,mobile,ngo_outreach,scholarship,11,N,35.4,requested extension,0
L-00665,2026-01-13,17,2,Bachelors,6.5,2.66,2,3,5.7,FALSE,mobile,instagram,scholarship,20,no,,requested extension,0
L-01165,22/05/2026,15,3,High School,13.7,2.89,3,12,103.6,0,Tablet,friend,paid,6,yes,57.2,,1
L-02170,2026-02-01,23,3,Bachelors,9.1,3.1,3,4,52.1,0,mobile,instagram,free,9,N,,,0
L-01644,23/06/2026,18,3,Masters,7.3,0.53,3,3,1.3,Y,laptop,instagram,free,30,no,,duplicate?  check,0
L-00375,2026-03-10,17,2,Masters,,4.07,0,0,32.7,FALSE,mobile,other,free,36,TRUE,92.3,,1
L-00132,14-01-2026,18,3,High School,3.3,1.21,0,0,0.0,no,laptop,ngo_outreach,free,38,No,,-,0
L-00525,2026-01-12,21,1,High School,4.4,3.82,7,4,18.4,0,mobile,school_partner,paid,9,Yes,90.3,,1
L-02438,2026-02-12,18,2,Bachelors,6.9,3.99,4,6,55.1,yes,MOBILE,instagram,paid,14,TRUE,79.9,-,1
L-00067,2026-01-22,24,1,M.Sc,8.7,6.02,4,1,41.7,FALSE,mobile,school_partner,free,12,0,60.8,called on phone,0
L-02248,2026-01-19,21,tier-3,high school,5.4,0.47,0,1,44.0,1,ipad,instagram,paid,21,FALSE,,,0
L-01171,2026-04-03,18,1,Bachelors,8.9,1.92,2,0,18.6,FALSE,mobile,friend,free,37,no,,asked about certificate,0
L-02235,2026-04-14,21,2,Bachelors,,1.02,2,1,18.9,N,mobile,instagram,scholarship,27,No,,requested extension,0
L-01527,2026-01-05,15,2,Diploma,6.1,3.4,6,1,45.3,No,laptop,friend,free,11,N,,duplicate?  check,0
L-00057,2026-02-16,22,3,Other,10.9,7.0,4,7,68.0,no,laptop,friend,scholarship,8,Yes,91.7,,1
L-00275,2026-01-15,31,2,Other,4.4,4.71,2,7,31.5,Yes,laptop,school_partner,scholarship,17,yes,62.1,called on phone,1
L-00225,25-03-2026,19,1,DIPLOMA,1.0,0.28,2,3,15.3,no,phone,youtube,scholarship,25,0,,,0
L-00182,2026-03-27,21,tier-3,High School,8.8,3.76,0,0,30.0,Y,Laptop,youtube,paid,8,yes,76.8,asked about certificate,1
L-01139,2026-03-24,22,1,Bachelors,4.1,1.5,1,0,0.0,1,mobile,friend,scholarship,31,No,,duplicate?  check,0
L-02270,28/03/2026,,3,High School,7.1,2.52,4,2,72.3,No,mobile,friend,free,25,N,,duplicate?  check,0
L-02442,2026-01-25,20,tier-3,High School,6.2,2.04,3,5,37.1,N,laptop,ngo_outreach,scholarship,43,No,,called on phone,0
L-01463,17-05-2026,21,2,High School,8.0,5.64,2,3,63.1,No,notebook,ngo_outreach,scholarship,20,no,,,0
L-00214,08-03-2026,25,tier-3,High School,5.9,3.67,0,3,33.4,0,Tablet,school_partner,free,15,FALSE,87.7,asked about certificate,1
L-01375,24-06-2026,27,3,Bachelors,9.1,4.32,5,6,80.4,FALSE,laptop,instagram,free,29,No,,asked about certificate,0
L-01337,2026-01-13,20,1,B.Tech,14.7,6.23,7,3,102.2,Y,laptop,friend,free,5,Y,77.0,,1
L-01294,2026-02-28,23,2,High School,8.6,2.7,5,7,25.9,No,mobile,friend,free,47,no,,called on phone,0
L-01436,2026-01-09,21,3,High School,5.2,2.37,4,7,64.7,FALSE,mobile,school_partner,free,29,0,,called on phone,0
L-00887,2026-05-13,31,1,High School,3.3,,2,1,56.1,FALSE,laptop,instagram,paid,20,yes,83.4,duplicate?  check,1
L-00658,12-03-2026,19,3,Masters,7.6,2.58,2,1,42.0,yes,Laptop,other,free,26,no,,,0
L-01616,2026-05-02,15,tier-2,Diploma,5.7,3.93,8,9,52.6,No,mobile,school_partner,scholarship,15,Y,64.5,asked about certificate,1
L-01981,2026-01-24,23,tier-2,Bachelors,9.8,,9,7,41.4,Yes,Mobile,friend,free,7,TRUE,71.2,,1
L-02799,20-05-2026,22,Tier 1,High School,1.0,2.8,0,4,34.1,no,mobile,school_partner,paid,30,N,,duplicate?  check,0
L-01787,2026-06-28,22,1,Diploma,8.5,,4,0,100.0,1,mobile,friend,scholarship,6,1,71.4,follow up next intake,1
L-00272,03-06-2026,15,2,Masters,1.7,,4,2,58.6,N,laptop,school_partner,free,26,No,86.4,,1
L-02009,2026-01-20,17,1,diploma,14.2,4.52,9,3,67.8,Y,mobile,youtube,scholarship,5,1,80.8,,1
L-01218,2026-03-18,21,1,Other,10.6,3.75,3,3,25.6,0,tablet,friend,scholarship,6,0,,-,0
L-01510,2026-01-06,26,2,Bachelors,4.6,2.45,7,8,,no,Mobile,instagram,free,3,TRUE,88.1,,1
L-01076,2026-02-09,21,1,Other,5.4,1.57,2,3,23.5,TRUE,laptop,youtube,scholarship,11,FALSE,,,0
L-01760,2026-06-25,,2,Bachelors,5.7,3.96,0,1,18.3,yes,desktop,instagram,paid,28,1,86.8,,1
L-01330,2026-03-16,20,1,Diploma,10.1,5.37,4,1,78.7,yes,mobile,school_partner,scholarship,10,yes,72.6,asked about certificate,1
L-02141,2026-01-25,17,Tier 2,Other,10.3,3.59,1,3,19.5,yes,phone,instagram,free,48,N,,,0
L-00429,2026-05-10,18,3,Bachelors,3.8,5.09,5,4,58.2,no,mobile,instagram,scholarship,4,FALSE,,,0
L-02660,2026-05-11,28,3,Bachelors,11.6,3.19,2,1,40.7,yes,Mobile,ngo_outreach,scholarship,24,no,,requested extension,0
L-00588,2026-04-11,23,T2,Diploma,7.5,1.61,3,7,46.0,no,Laptop,ngo_outreach,scholarship,35,N,,-,0
L-00682,2026-06-24,23,3,Bachelor's,10.1,3.9,7,10,47.8,FALSE,mobile,instagram,scholarship,2,1,77.9,n/a,1
L-01429,2026-05-13,19,3,Bachelors,2.1,5.39,6,3,51.6,0,mobile,school_partner,paid,7,Yes,72.9,follow up next intake,1
L-01457,2026-04-12,18,2,HS,5.9,3.33,2,1,0.4,no,mobile,instagram,scholarship,12,no,,,0
L-00678,2026-03-24,15,tier-1,High School,10.5,3.37,0,1,22.3,No,mobile,ngo_outreach,free,29,no,31.3,duplicate?  check,0
L-00973,2026-01-14,16,Tier 1,bachelors,11.3,2.4,10,4,50.6,no,Desktop,school_partner,paid,31,1,71.9,,1
L-02631,09-04-2026,18,2,High School,8.3,5.28,5,9,15.6,1,laptop,school_partner,free,8,No,,asked about certificate,0
L-01320,2026-06-07,17,2,Bachelors,10.3,4.12,5,4,31.4,0,Mobile,school_partner,scholarship,4,yes,72.1,-,1
L-02581,06-05-2026,18,tier-1,High School,9.5,4.01,3,10,52.0,No,laptop,other,scholarship,6,1,68.7,,1
L-01332,10/05/2026,22,Tier 1,High-School,12.4,3.5,5,4,,FALSE,Tablet,instagram,free,32,FALSE,,,0
L-01155,02-03-2026,20,1,Masters,13.8,2.74,5,1,,0,mobile,ngo_outreach,scholarship,8,Y,70.7,,1
L-02162,2026-04-25,23,tier-1,Bachelors,10.7,4.12,2,0,98.1,yes,mobile,instagram,free,21,Y,85.9,,1
L-01303,2026-02-14,18,2,M.Sc,3.3,,3,3,32.6,yes,laptop,other,scholarship,32,no,,follow up next intake,0
L-00082,2026-01-16,28,2,Bachelors,8.6,2.13,5,5,40.8,yes,desktop,instagram,scholarship,25,Yes,83.0,duplicate?  check,1
L-01563,2026-04-10,15,1,bachelor degree,4.1,3.73,9,11,100.0,No,mobile,instagram,free,13,yes,87.6,,1
L-00721,2026-02-26,24,3,other,9.2,3.92,1,1,67.2,TRUE,mobile,youtube,paid,18,1,66.5,,1
